Series Code,Country Name,Country Code,2000,2001,2002,2003,2004,2005,2006,2007,2008,2009,2010,2011,2012,2013,2014,2015,2016,2017,2018,2019,2020,total_expenditure_sum,continent
ST.INT.XPND.CD,Afghanistan,AFG,,,,,,,,,38000000.00,70000000.00,106000000.00,255000000.00,110000000.00,138000000.00,140000000.00,151000000.00,89000000.00,130000000.00,226000000.00,168000000.00,49000000.00,1670000000.00,Asia
ST.INT.XPND.CD,Albania,ALB,290000000.00,269000000.00,386000000.00,507000000.00,669000000.00,808000000.00,989000000.00,1331000000.00,1644000000.00,1692000000.00,1452000000.00,1677000000.00,1374000000.00,1567000000.00,1689000000.00,1311000000.00,1338000000.00,1473000000.00,1750000000.00,1852000000.00,805000000.00,24873000000.00,Europe
ST.INT.XPND.CD,Algeria,DZA,,,,,,660000000.00,414000000.00,502000000.00,613000000.00,574000000.00,716000000.00,595000000.00,598000000.00,531000000.00,679000000.00,762000000.00,556000000.00,632000000.00,542000000.00,670000000.00,272000000.00,9316000000.00,Africa
ST.INT.XPND.CD,American Samoa,ASM,,,,,,,,,,,,,,,,,,,,,,0.00,Null
ST.INT.XPND.CD,Andorra,AND,,,,,,,,,,,,,,,,,,,,187000000.00,,187000000.00,Europe
ST.INT.XPND.CD,Angola,AGO,146000000.00,80000000.00,52000000.00,49000000.00,86000000.00,135000000.00,393000000.00,473000000.00,447000000.00,270000000.00,275000000.00,323000000.00,288000000.00,316000000.00,505000000.00,389000000.00,823000000.00,1216000000.00,762000000.00,717000000.00,691000000.00,8436000000.00,Africa
ST.INT.XPND.CD,Antigua and Barbuda,ATG,,,,,,,,,,,,,,,89000000.00,95000000.00,101000000.00,106000000.00,111000000.00,119000000.00,35000000.00,656000000.00,North America
ST.INT.XPND.CD,Argentina,ARG,5460000000.00,4888000000.00,2744000000.00,2997000000.00,3208000000.00,3554000000.00,4047000000.00,5077000000.00,5987000000.00,5808000000.00,6448000000.00,7602000000.00,8466000000.00,8421000000.00,7837000000.00,9348000000.00,12273000000.00,14180000000.00,13084000000.00,9845000000.00,2746000000.00,144000000000.00,South America
ST.INT.XPND.CD,Armenia,ARM,56000000.00,59000000.00,85000000.00,97000000.00,199000000.00,255000000.00,300000000.00,430000000.00,494000000.00,496000000.00,641000000.00,756000000.00,874000000.00,1007000000.00,1101000000.00,1057000000.00,1033000000.00,1218000000.00,1335000000.00,1543000000.00,330000000.00,13366000000.00,Europe
ST.INT.XPND.CD,Aruba,ABW,163000000.00,156000000.00,172000000.00,213000000.00,248000000.00,250000000.00,241000000.00,270000000.00,272000000.00,264000000.00,261000000.00,287000000.00,294000000.00,342000000.00,350000000.00,357000000.00,319000000.00,349000000.00,394000000.00,399000000.00,310000000.00,5911000000.00,Null
ST.INT.XPND.CD,Australia,AUS,9065000000.00,8184000000.00,8640000000.00,10434000000.00,14702000000.00,16153000000.00,17293000000.00,22052000000.00,25557000000.00,22680000000.00,27851000000.00,33967000000.00,35226000000.00,35197000000.00,35666000000.00,34071000000.00,35718000000.00,39710000000.00,42439000000.00,41345000000.00,7654000000.00,524000000000.00,Oceania
ST.INT.XPND.CD,Austria,AUT,7001000000.00,7408000000.00,7743000000.00,9761000000.00,10812000000.00,11077000000.00,,,,,,,,,,11337000000.00,11634000000.00,12878000000.00,14109000000.00,13922000000.00,5551000000.00,123000000000.00,Europe
ST.INT.XPND.CD,Azerbaijan,AZE,138000000.00,119000000.00,110000000.00,120000000.00,140000000.00,188000000.00,256000000.00,381000000.00,456000000.00,488000000.00,856000000.00,1778000000.00,2617000000.00,3032000000.00,3163000000.00,2743000000.00,2593000000.00,2803000000.00,2453000000.00,1839000000.00,439000000.00,26712000000.00,Europe
ST.INT.XPND.CD,"Bahamas, The",BHS,348000000.00,342000000.00,338000000.00,404000000.00,469000000.00,528000000.00,541000000.00,538000000.00,460000000.00,386000000.00,369000000.00,347000000.00,384000000.00,362000000.00,328000000.00,347000000.00,440000000.00,554000000.00,519000000.00,514000000.00,166000000.00,8684000000.00,Null
ST.INT.XPND.CD,Bahrain,BHR,425000000.00,423000000.00,550000000.00,492000000.00,528000000.00,574000000.00,639000000.00,671000000.00,704000000.00,597000000.00,684000000.00,899000000.00,975000000.00,1001000000.00,758000000.00,4939000000.00,3267000000.00,3178000000.00,2522000000.00,2637000000.00,,26463000000.00,Asia
ST.INT.XPND.CD,Bangladesh,BGD,471000000.00,341000000.00,309000000.00,389000000.00,442000000.00,371000000.00,481000000.00,530000000.00,735000000.00,651000000.00,835000000.00,819000000.00,889000000.00,1308000000.00,782000000.00,827000000.00,843000000.00,1127000000.00,1207000000.00,1389000000.00,659000000.00,15405000000.00,Asia
ST.INT.XPND.CD,Barbados,BRB,141000000.00,149000000.00,146000000.00,153000000.00,163000000.00,158000000.00,166000000.00,177000000.00,154000000.00,128000000.00,145000000.00,114000000.00,100000000.00,102000000.00,115000000.00,119000000.00,99000000.00,,,,,2329000000.00,North America
ST.INT.XPND.CD,Belarus,BLR,247000000.00,486000000.00,527000000.00,436000000.00,500000000.00,516000000.00,675000000.00,724000000.00,860000000.00,752000000.00,748000000.00,729000000.00,948000000.00,1333000000.00,1308000000.00,997000000.00,891000000.00,1082000000.00,1170000000.00,1224500000.00,477000000.00,16630500000.00,Europe
ST.INT.XPND.CD,Belgium,BEL,,10878000000.00,11270000000.00,13402000000.00,15456000000.00,16771000000.00,17891000000.00,19211000000.00,,20813000000.00,20884000000.00,22836000000.00,22357000000.00,24507000000.00,26444000000.00,15856000000.00,16522000000.00,17835000000.00,20789000000.00,20998000000.00,13928000000.00,349000000000.00,Europe
ST.INT.XPND.CD,Belize,BLZ,44000000.00,45000000.00,48000000.00,50000000.00,47000000.00,45000000.00,43000000.00,46000000.00,44000000.00,43000000.00,39000000.00,37000000.00,39000000.00,42000000.00,51000000.00,50000000.00,55000000.00,53000000.00,50000000.00,45400001.53,22040000.92,938440002.40,North America
ST.INT.XPND.CD,Benin,BEN,50000000.00,48000000.00,49000000.00,53000000.00,59000000.00,58000000.00,71000000.00,107000000.00,102000000.00,88000000.00,91000000.00,81000000.00,96000000.00,39500000.00,54200000.76,141000000.00,87000000.00,148000000.00,76000000.00,130000000.00,,1628700001.00,Africa
ST.INT.XPND.CD,Bermuda,BMU,,,,,,,394000000.00,453000000.00,459000000.00,407000000.00,417000000.00,326000000.00,327000000.00,322000000.00,378000000.00,363000000.00,373000000.00,369000000.00,334000000.00,342000000.00,212000000.00,5476000000.00,Null
ST.INT.XPND.CD,Bhutan,BTN,,,,,,,,,65000000.00,34000000.00,43000000.00,58000000.00,69000000.00,67000000.00,42599998.47,44000000.00,52000000.00,63000000.00,79000000.00,67000000.00,50000000.00,733599998.50,Asia
ST.INT.XPND.CD,Bolivia,BOL,116000000.00,114000000.00,114000000.00,197000000.00,232000000.00,257000000.00,360000000.00,385000000.00,381000000.00,388000000.00,421000000.00,410000000.00,502000000.00,660000000.00,953000000.00,849000000.00,960000000.00,997000000.00,1009000000.00,1111000000.00,325000000.00,10741000000.00,South America
ST.INT.XPND.CD,Bosnia and Herz.,BIH,92000000.00,96000000.00,112000000.00,145000000.00,162000000.00,158000000.00,210000000.00,264000000.00,345000000.00,285000000.00,247000000.00,214000000.00,196000000.00,198000000.00,205000000.00,278000000.00,290000000.00,346000000.00,378000000.00,393000000.00,163000000.00,4777000000.00,Europe
ST.INT.XPND.CD,Botswana,BWA,209000000.00,215000000.00,197000000.00,235000000.00,280000000.00,283000000.00,280000000.00,282299987.80,229699996.90,232399993.90,298500000.00,316480011.00,332000000.00,262200012.20,277000000.00,256399993.90,237100006.10,253300003.10,278299987.80,294700012.20,91800003.05,5341180008.00,Africa
ST.INT.XPND.CD,Brazil,BRA,4548000000.00,3765000000.00,2929000000.00,2874000000.00,3752000000.00,5905000000.00,7501000000.00,10434000000.00,13269000000.00,12897000000.00,18883000000.00,24608000000.00,26008000000.00,29286000000.00,29998000000.00,20356000000.00,17068000000.00,22991000000.00,22229000000.00,21178000000.00,6490000000.00,307000000000.00,South America
ST.INT.XPND.CD,British Virgin Islands,VGB,,,,,,,,,,,,,,,,,,,,,,0.00,Null
ST.INT.XPND.CD,Brunei,BRN,,456000000.00,398000000.00,469000000.00,382000000.00,374000000.00,408000000.00,430000000.00,459000000.00,477000000.00,,,591000000.00,624000000.00,616000000.00,459000000.00,499000000.00,504000000.00,585000000.00,,,7731000000.00,Asia
ST.INT.XPND.CD,Bulgaria,BGR,764000000.00,836000000.00,1018000000.00,1467000000.00,1935000000.00,1858000000.00,2099000000.00,2142000000.00,2602000000.00,1955000000.00,975000000.00,1063000000.00,1096000000.00,1342000000.00,1459000000.00,1346000000.00,1636000000.00,2047000000.00,2247000000.00,2196000000.00,1263000000.00,33346000000.00,Europe
ST.INT.XPND.CD,Burkina Faso,BFA,30000000.00,35000000.00,36000000.00,50000000.00,67000000.00,74000000.00,84000000.00,93000000.00,110000000.00,111000000.00,110000000.00,129000000.00,146000000.00,215000000.00,176000000.00,160000000.00,176000000.00,182000000.00,191000000.00,185199996.90,,2360199997.00,Null
ST.INT.XPND.CD,Burundi,BDI,,,,,29000000.00,62000000.00,126000000.00,106000000.00,151000000.00,71000000.00,35000000.00,49000000.00,,,,,,,,,,629000000.00,Africa
ST.INT.XPND.CD,Cabo Verde,CPV,41000000.00,55000000.00,63000000.00,89000000.00,93000000.00,82000000.00,106000000.00,123000000.00,143000000.00,145000000.00,138000000.00,142000000.00,135000000.00,127000000.00,115000000.00,109000000.00,79000000.00,100000000.00,112000000.00,107000000.00,59000000.00,2163000000.00,Null
ST.INT.XPND.CD,Cambodia,KHM,52000000.00,59000000.00,64000000.00,60000000.00,80000000.00,137000000.00,176000000.00,194000000.00,180000000.00,163000000.00,131000000.00,344000000.00,406000000.00,469000000.00,527000000.00,641000000.00,762000000.00,919000000.00,1080000000.00,1162000000.00,213000000.00,7819000000.00,Asia
ST.INT.XPND.CD,Cameroon,CMR,241000000.00,199000000.00,205000000.00,272000000.00,394000000.00,480000000.00,521000000.00,466000000.00,563000000.00,476000000.00,265000000.00,622000000.00,668000000.00,795000000.00,830000000.00,742000000.00,818000000.00,845000000.00,915000000.00,984000000.00,697000000.00,11998000000.00,Africa
ST.INT.XPND.CD,Canada,CAN,15125000000.00,14634000000.00,14257000000.00,16309000000.00,19267000000.00,22746000000.00,26068000000.00,31101000000.00,33843000000.00,30225000000.00,37225000000.00,41247000000.00,,,,,,,,,,302000000000.00,North America
ST.INT.XPND.CD,Cayman Islands,CYM,,,,,,,164000000.00,132000000.00,130000000.00,120000000.00,129000000.00,145000000.00,183000000.00,192000000.00,168000000.00,191000000.00,194000000.00,271000000.00,284000000.00,299000000.00,,2602000000.00,Null
ST.INT.XPND.CD,Central African Republic,CAF,33000000.00,29000000.00,29000000.00,31000000.00,32000000.00,46000000.00,47000000.00,54000000.00,56000000.00,61000000.00,67000000.00,68000000.00,69000000.00,69800003.05,,,,,,,,691800003.10,Africa
ST.INT.XPND.CD,Chad,TCD,56000000.00,56000000.00,80000000.00,,,,,,,,,,,,,,,,,,,192000000.00,Africa
ST.INT.XPND.CD,Channel Islands,CHI,,,,,,,,,,,,,,,,,,,,,,0.00,Null
ST.INT.XPND.CD,Chile,CHL,904000000.00,939000000.00,932000000.00,1109000000.00,1251000000.00,1114000000.00,1238000000.00,1408000000.00,1386000000.00,1511000000.00,1736000000.00,2085000000.00,2400000000.00,2499000000.00,2707000000.00,2518000000.00,2733000000.00,3093000000.00,3124000000.00,3142000000.00,720000000.00,38549000000.00,South America
ST.INT.XPND.CD,China,CHN,14169000000.00,14992000000.00,16759000000.00,16716000000.00,21360000000.00,,,,,,,,,,,,,,,,,83996000000.00,Asia
ST.INT.XPND.CD,Colombia,COL,1452000000.00,1556000000.00,1355000000.00,1349000000.00,1543000000.00,1934000000.00,2171000000.00,2501000000.00,2819000000.00,2841000000.00,3228000000.00,3689000000.00,4461000000.00,4592000000.00,5299000000.00,4890000000.00,4891000000.00,5136000000.00,5531000000.00,5658000000.00,1576000000.00,68472000000.00,South America
ST.INT.XPND.CD,Comoros,COM,,,,7900000.10,9399999.62,19100000.38,23600000.38,28299999.24,31100000.38,30000000.00,33200000.76,37400001.53,36299999.24,,40000000.00,34000000.00,38000000.00,42000000.00,48000000.00,53000000.00,43000000.00,554300001.60,Africa
ST.INT.XPND.CD,Dem. Rep. Congo,COD,,,,,,54000000.00,93000000.00,109000000.00,127000000.00,121000000.00,150000000.00,298000000.00,108000000.00,170000000.00,283000000.00,127000000.00,60000000.00,68000000.00,115000000.00,,,1883000000.00,Null
ST.INT.XPND.CD,Congo,COG,59000000.00,82000000.00,85000000.00,118000000.00,176000000.00,,,157000000.00,217000000.00,549000000.00,312000000.00,327000000.00,308000000.00,360000000.00,435000000.00,557000000.00,457000000.00,,,,,4199000000.00,Africa
ST.INT.XPND.CD,Costa Rica,CRI,545000000.00,430000000.00,427000000.00,484000000.00,530000000.00,591000000.00,647000000.00,825000000.00,753000000.00,500000000.00,629000000.00,620000000.00,647000000.00,649000000.00,657000000.00,898000000.00,1055000000.00,1322000000.00,1198000000.00,1330000000.00,697000000.00,15434000000.00,North America
ST.INT.XPND.CD,Côte d'Ivoire,CIV,291000000.00,289000000.00,490000000.00,551000000.00,571000000.00,549000000.00,583000000.00,606000000.00,612000000.00,589000000.00,569000000.00,580000000.00,560000000.00,583000000.00,625000000.00,560000000.00,491000000.00,564000000.00,625000000.00,702000000.00,315000000.00,11305000000.00,Null
ST.INT.XPND.CD,Croatia,HRV,634000000.00,677000000.00,852000000.00,709000000.00,881000000.00,786000000.00,770000000.00,1025000000.00,1167000000.00,1042000000.00,861000000.00,918000000.00,962000000.00,923000000.00,865000000.00,770000000.00,954000000.00,1410000000.00,1741000000.00,1811000000.00,789687194.80,20547687195.00,Europe
ST.INT.XPND.CD,Cuba,CUB,,,,,,,,,,,,,,,,,,,,,,0.00,North America
ST.INT.XPND.CD,Curacao,CUW,,,137000000.00,176000000.00,195000000.00,164000000.00,191000000.00,223000000.00,229000000.00,258000000.00,282000000.00,321000000.00,357000000.00,377000000.00,383000000.00,419000000.00,428000000.00,447000000.00,452000000.00,411000000.00,127000000.00,5577000000.00,Null
ST.INT.XPND.CD,Cyprus,CYP,543000000.00,568000000.00,582000000.00,700293945.30,906639831.50,1001000000.00,1031161133.00,1553829346.00,1968000000.00,1742000000.00,1320000000.00,1366000000.00,1318000000.00,1254000000.00,1343000000.00,1453000000.00,1559318481.00,1378000000.00,1569000000.00,1596000000.00,880000000.00,25632242737.00,Europe
ST.INT.XPND.CD,Czechia,CZE,,,1797000000.00,2177000000.00,2682000000.00,2603000000.00,2874000000.00,3895000000.00,5029000000.00,4336000000.00,4354000000.00,4876000000.00,4556000000.00,4698000000.00,5173000000.00,4819000000.00,4962000000.00,5533000000.00,6074000000.00,6034000000.00,3495000000.00,79967000000.00,Europe
ST.INT.XPND.CD,Denmark,DNK,4669000000.00,4861000000.00,5838000000.00,6659000000.00,7279000000.00,6850000000.00,7486000000.00,8830000000.00,9698000000.00,8968000000.00,9082000000.00,9840000000.00,9600000000.00,10072000000.00,10443000000.00,8918000000.00,9174000000.00,9804000000.00,10485000000.00,,,159000000000.00,Europe
ST.INT.XPND.CD,Djibouti,DJI,14800000.19,12899999.62,7699999.81,9899999.62,14000000.00,14399999.62,15000000.00,14199999.81,15500000.00,17500000.00,20500000.00,33500000.00,29600000.38,,,,,,,,,219499999.00,Africa
ST.INT.XPND.CD,Dominica,DMA,,,,,,,,,,,,,,,39000000.00,34000000.00,33000000.00,28000000.00,28000000.00,31000000.00,9000000.00,202000000.00,North America
ST.INT.XPND.CD,Dominican Rep.,DOM,440000000.00,425000000.00,429000000.00,408000000.00,448000000.00,511000000.00,495000000.00,531000000.00,532000000.00,523000000.00,662000000.00,689000000.00,690000000.00,679000000.00,717000000.00,803000000.00,882000000.00,940000000.00,1006000000.00,1060000000.00,444000000.00,13314000000.00,Null
ST.INT.XPND.CD,Ecuador,ECU,416000000.00,465000000.00,507000000.00,500000000.00,577000000.00,644000000.00,706000000.00,733000000.00,790000000.00,806000000.00,863000000.00,917000000.00,944000000.00,989000000.00,990000000.00,994000000.00,1454000000.00,1463000000.00,1523000000.00,1650000000.00,533000000.00,18464000000.00,South America
ST.INT.XPND.CD,Egypt,EGY,1206000000.00,1248000000.00,1309000000.00,1465000000.00,1543000000.00,1932000000.00,2156000000.00,2886000000.00,3390000000.00,2941000000.00,2696000000.00,2575000000.00,3037000000.00,3261000000.00,3486000000.00,3636000000.00,4351000000.00,2419000000.00,2897000000.00,3718000000.00,2578000000.00,54730000000.00,Africa
ST.INT.XPND.CD,El Salvador,SLV,219000000.00,247000000.00,266000000.00,311000000.00,373000000.00,288000000.00,307000000.00,363000000.00,326000000.00,253000000.00,280000000.00,244000000.00,287000000.00,270000000.00,277000000.00,332000000.00,451000000.00,466000000.00,490000000.00,504000000.00,162000000.00,6716000000.00,North America
ST.INT.XPND.CD,Equatorial Guinea,GNQ,19000000.00,30000000.00,,,,,,,,,,,,,,,,,,,,49000000.00,Africa
ST.INT.XPND.CD,Eritrea,ERI,,,,,,,,,,,,,,,,,,,,,,0.00,Africa
ST.INT.XPND.CD,Estonia,EST,253000000.00,253000000.00,305000000.00,404000000.00,486000000.00,530000000.00,706000000.00,804000000.00,939000000.00,,,,,1236000000.00,1346000000.00,1169000000.00,1299000000.00,1395000000.00,1647000000.00,1808000000.00,676000000.00,15256000000.00,Europe
ST.INT.XPND.CD,Eswatini,SWZ,32000000.00,31000000.00,,23000000.00,54000000.00,60000000.00,54000000.00,63000000.00,59000000.00,98000000.00,87000000.00,35000000.00,53000000.00,48000000.00,62000000.00,64000000.00,33000000.00,74000000.00,43000000.00,33000000.00,36400001.53,1042400002.00,Null
ST.INT.XPND.CD,Ethiopia,ETH,80000000.00,50000000.00,55000000.00,63000000.00,59000000.00,,,,,139000000.00,,,,,,,461000000.00,363500000.00,612700012.20,661000000.00,322500000.00,2866700012.00,Africa
ST.INT.XPND.CD,Faroe Islands,FRO,,,,,,,,,,,,,,,,,,,,,,0.00,Null
ST.INT.XPND.CD,Fiji,FJI,96000000.00,84000000.00,79000000.00,88000000.00,118000000.00,132000000.00,113000000.00,106000000.00,108000000.00,108000000.00,102000000.00,116000000.00,110000000.00,105000000.00,99000000.00,115000000.00,119000000.00,138000000.00,160000000.00,174000000.00,77000000.00,2347000000.00,Oceania
ST.INT.XPND.CD,Finland,FIN,2293000000.00,2442000000.00,2440000000.00,2956000000.00,3385000000.00,3620000000.00,4099000000.00,4812000000.00,5577000000.00,5236000000.00,5268000000.00,6013000000.00,5841000000.00,6387000000.00,6326000000.00,5786000000.00,6199000000.00,6740000000.00,7223000000.00,6841000000.00,1940000000.00,101000000000.00,Europe
ST.INT.XPND.CD,France,FRA,29016000000.00,28781000000.00,30270000000.00,35807000000.00,36362000000.00,38633000000.00,39319000000.00,46042000000.00,50373000000.00,45087000000.00,46695000000.00,55509000000.00,50068000000.00,52444000000.00,58464000000.00,47713000000.00,49029000000.00,53787000000.00,59131000000.00,59751000000.00,31193000000.00,943000000000.00,Europe
ST.INT.XPND.CD,French Polynesia,PYF,,,264000000.00,335000000.00,425000000.00,430000000.00,,,388000000.00,339000000.00,335000000.00,327000000.00,300000000.00,293000000.00,312000000.00,277000000.00,226000000.00,,,,,4251000000.00,Null
ST.INT.XPND.CD,Gabon,GAB,183000000.00,256000000.00,234000000.00,239000000.00,275000000.00,346000000.00,,328000000.00,490000000.00,476000000.00,560000000.00,658000000.00,441000000.00,404000000.00,509000000.00,346000000.00,,,,,,5745000000.00,Africa
ST.INT.XPND.CD,Gambia,GMB,,,,8000000.00,6000000.00,7000000.00,8000000.00,13000000.00,12000000.00,12000000.00,14000000.00,16000000.00,13000000.00,10399999.62,55400001.53,5400000.10,7199999.81,8500000.00,10399999.62,10000000.00,5199999.81,221500000.50,Africa
ST.INT.XPND.CD,Georgia,GEO,129000000.00,136000000.00,189000000.00,170000000.00,196000000.00,237000000.00,257000000.00,277000000.00,337000000.00,311000000.00,329000000.00,384000000.00,471000000.00,537000000.00,563000000.00,609000000.00,706000000.00,853000000.00,960000000.00,1124000000.00,292000000.00,9067000000.00,Europe
ST.INT.XPND.CD,Germany,DEU,57607000000.00,56437000000.00,59550000000.00,72839000000.00,80321000000.00,84513000000.00,85717000000.00,96170000000.00,106000000000.00,92899000000.00,90866000000.00,99909000000.00,96196000000.00,103000000000.00,102000000000.00,85334000000.00,87412000000.00,97163000000.00,104000000000.00,101000000000.00,,1760000000000.00,Europe
ST.INT.XPND.CD,Ghana,GHA,162000000.00,165000000.00,184000000.00,216000000.00,270000000.00,472000000.00,575000000.00,816000000.00,870000000.00,948000000.00,882000000.00,1026000000.00,976000000.00,982000000.00,947000000.00,1405000000.00,1571000000.00,1581000000.00,1329000000.00,1380000000.00,946000000.00,17703000000.00,Africa
ST.INT.XPND.CD,Gibraltar,GIB,,,,,,,,,,,,,,,,,,,,,,0.00,Null
ST.INT.XPND.CD,Greece,GRC,4564000000.00,4190000000.00,2456000000.00,2441000000.00,2882000000.00,3044000000.00,3005000000.00,3430000000.00,3946000000.00,4122000000.00,3400000000.00,3809000000.00,3005000000.00,3768000000.00,4003000000.00,3535000000.00,3412000000.00,3306000000.00,3910000000.00,4211000000.00,1500000000.00,71939000000.00,Europe
ST.INT.XPND.CD,Greenland,GRL,,,,,,,,,,,,,,,,,,,,,,0.00,Null
ST.INT.XPND.CD,Grenada,GRD,,,,,,,,,,,,,,,34000000.00,40000000.00,40000000.00,38000000.00,42000000.00,48000000.00,12000000.00,254000000.00,North America
ST.INT.XPND.CD,Guam,GUM,,,,,,,,,,,,,,,,,,,,,,0.00,Null
ST.INT.XPND.CD,Guatemala,GTM,216000000.00,266000000.00,329000000.00,373000000.00,488000000.00,532000000.00,655000000.00,737000000.00,821000000.00,751000000.00,843000000.00,883000000.00,926000000.00,995000000.00,1029000000.00,1020000000.00,1032000000.00,1066000000.00,1105000000.00,1128000000.00,346000000.00,15541000000.00,North America
ST.INT.XPND.CD,Guinea,GIN,13000000.00,26000000.00,38000000.00,36000000.00,29000000.00,38000000.00,41000000.00,96000000.00,30000000.00,28000000.00,16000000.00,49200000.76,41700000.76,60500000.00,28799999.24,38000000.00,16299999.24,102400001.50,411700012.20,419500000.00,1075099976.00,2634199989.00,Africa
ST.INT.XPND.CD,Guinea-Bissau,GNB,,5500000.00,10199999.81,21299999.24,22299999.24,18899999.62,17799999.24,40700000.76,46099998.47,26000000.00,29500000.00,38599998.47,24500000.00,,,,,,74599998.47,88900001.53,,464899994.90,Africa
ST.INT.XPND.CD,Guyana,GUY,77000000.00,62000000.00,44000000.00,30000000.00,,,,,,,,,,,,,,,,,,213000000.00,South America
ST.INT.XPND.CD,Haiti,HTI,173000000.00,168000000.00,172000000.00,202000000.00,206000000.00,174000000.00,239000000.00,331000000.00,383000000.00,427000000.00,431000000.00,458000000.00,473000000.00,418000000.00,475000000.00,503000000.00,503000000.00,485000000.00,599000000.00,554000000.00,,7374000000.00,North America
ST.INT.XPND.CD,Honduras,HND,198000000.00,205000000.00,221000000.00,274000000.00,300000000.00,321000000.00,425000000.00,309000000.00,385000000.00,361000000.00,406000000.00,446000000.00,549000000.00,506000000.00,437000000.00,454000000.00,482000000.00,517000000.00,558000000.00,655000000.00,230000000.00,8239000000.00,North America
ST.INT.XPND.CD,"Hong Kong SAR, China",HKG,12502000000.00,12317000000.00,12418000000.00,11447000000.00,13270000000.00,13305000000.00,14044000000.00,15042000000.00,16095000000.00,15547000000.00,17357000000.00,19022000000.00,20077000000.00,21215000000.00,22011000000.00,23059000000.00,24141000000.00,25388000000.00,26498000000.00,,,335000000000.00,Null
ST.INT.XPND.CD,Hungary,HUN,1722000000.00,1887000000.00,2211000000.00,2700000000.00,2482000000.00,2721000000.00,2319000000.00,3088000000.00,3857000000.00,3251000000.00,2897000000.00,3048000000.00,2457000000.00,2526000000.00,2712000000.00,2456000000.00,2738000000.00,3049000000.00,3239000000.00,3352000000.00,1334000000.00,56046000000.00,Europe
ST.INT.XPND.CD,Iceland,ISL,,,373000000.00,524000000.00,699000000.00,991000000.00,1084000000.00,1336000000.00,,,,,,,,,,,,,,5007000000.00,Europe
ST.INT.XPND.CD,India,IND,3686000000.00,4367000000.00,4350000000.00,4385000000.00,5783000000.00,8277000000.00,8738000000.00,10690000000.00,12083000000.00,,,,14107000000.00,13884000000.00,17492000000.00,17686000000.00,19184000000.00,21856000000.00,25790000000.00,28595000000.00,15777000000.00,237000000000.00,Asia
ST.INT.XPND.CD,Indonesia,IDN,,,5042000000.00,4427000000.00,4569000000.00,4740000000.00,5458000000.00,6578000000.00,8801000000.00,6908000000.00,8432000000.00,8653000000.00,9055000000.00,10280000000.00,10263000000.00,9800000000.00,9932000000.00,10945000000.00,13171000000.00,14449000000.00,1980000000.00,153000000000.00,Asia
ST.INT.XPND.CD,Iran,IRN,671000000.00,714000000.00,3990000000.00,4120000000.00,4402000000.00,4112000000.00,5066000000.00,7335000000.00,8270000000.00,8503000000.00,10570000000.00,10555000000.00,8435000000.00,9464000000.00,10130000000.00,9658000000.00,11142000000.00,12568000000.00,9271000000.00,,,139000000000.00,Asia
ST.INT.XPND.CD,Iraq,IRQ,,,,,,627000000.00,526000000.00,705000000.00,813000000.00,1221000000.00,1675000000.00,1879000000.00,2363000000.00,4835000000.00,6115000000.00,7934000000.00,7647000000.00,8093000000.00,7855000000.00,10925000000.00,4172000000.00,67385000000.00,Asia
ST.INT.XPND.CD,Ireland,IRL,2626000000.00,2956000000.00,3835000000.00,4832000000.00,5291000000.00,6185000000.00,6981000000.00,8784000000.00,10543000000.00,7940000000.00,7176000000.00,6842000000.00,5895000000.00,6198000000.00,6412000000.00,5704000000.00,6234000000.00,6616000000.00,7541000000.00,8156000000.00,2334000000.00,129000000000.00,Europe
ST.INT.XPND.CD,Isle of Man,IMN,,,,,,,,,,,,,,,,,,,,,,0.00,Null
ST.INT.XPND.CD,Israel,ISR,3733000000.00,3887000000.00,3322000000.00,3341000000.00,3663000000.00,4146000000.00,4286000000.00,4921000000.00,4967000000.00,4500000000.00,4683000000.00,4874000000.00,5008000000.00,5757000000.00,6534000000.00,7506000000.00,8210000000.00,8985000000.00,9975000000.00,10389000000.00,2175000000.00,115000000000.00,Asia
ST.INT.XPND.CD,Italy,ITA,18170000000.00,17002000000.00,19652000000.00,23748000000.00,24076000000.00,26764000000.00,27449000000.00,32748000000.00,,,,,,,,30312000000.00,30584000000.00,34819000000.00,37644000000.00,37908000000.00,12965000000.00,374000000000.00,Europe
ST.INT.XPND.CD,Jamaica,JAM,238000000.00,227000000.00,274000000.00,269000000.00,318000000.00,290000000.00,315000000.00,340000000.00,312000000.00,259000000.00,235000000.00,213000000.00,418000000.00,392000000.00,457000000.00,413000000.00,413000000.00,455000000.00,505000000.00,508000000.00,291000000.00,7142000000.00,North America
ST.INT.XPND.CD,Japan,JPN,42643000000.00,35526000000.00,34977000000.00,36505000000.00,48175000000.00,48096000000.00,37655000000.00,37258000000.00,38971000000.00,34787000000.00,39306000000.00,39760000000.00,40967000000.00,32244000000.00,28609000000.00,23252000000.00,25968000000.00,25774000000.00,28097000000.00,29146000000.00,6741000000.00,714000000000.00,Asia
ST.INT.XPND.CD,Jordan,JOR,387000000.00,420000000.00,504000000.00,503000000.00,585000000.00,653000000.00,956000000.00,1024000000.00,1140000000.00,1202000000.00,1736000000.00,1280000000.00,1257000000.00,1206000000.00,1251000000.00,1267000000.00,1367000000.00,1496000000.00,1493000000.00,1569000000.00,408000000.00,21704000000.00,Asia
ST.INT.XPND.CD,Kazakhstan,KAZ,483000000.00,761000000.00,863000000.00,783000000.00,997000000.00,940000000.00,1060000000.00,1396000000.00,1361000000.00,1319000000.00,1489000000.00,1831000000.00,3609000000.00,3772000000.00,3771000000.00,3046000000.00,2580000000.00,2695000000.00,2852000000.00,2955000000.00,861000000.00,39424000000.00,Asia
ST.INT.XPND.CD,Kenya,KEN,156000000.00,183000000.00,,,,,,,,,,,,,,,,,,,,339000000.00,Africa
ST.INT.XPND.CD,Kiribati,KIR,,,,,,9300000.19,,,,,,,,,,,,24569999.69,,,,33869999.89,Oceania
ST.INT.XPND.CD,North Korea,PRK,,,,,,,,,,,,,,,,,,,,,,0.00,Asia
ST.INT.XPND.CD,South Korea,KOR,7945000000.00,8349000000.00,11440000000.00,11063000000.00,13507000000.00,16924000000.00,20947000000.00,24431000000.00,21447000000.00,16355000000.00,20788000000.00,22195000000.00,22934000000.00,24459000000.00,26136000000.00,27957000000.00,29817000000.00,34453000000.00,38022000000.00,35339000000.00,16705000000.00,451000000000.00,Asia
ST.INT.XPND.CD,Kosovo,XKX,,,,,,,,,,,,,,,,,,,,,,0.00,Null
ST.INT.XPND.CD,Kuwait,KWT,2852000000.00,3207000000.00,3412000000.00,3750000000.00,4147000000.00,4997000000.00,6074000000.00,7267000000.00,8341000000.00,6799000000.00,7106000000.00,8879000000.00,10073000000.00,10567000000.00,12280000000.00,13148000000.00,13232000000.00,13722000000.00,14318000000.00,15839000000.00,6696000000.00,177000000000.00,Asia
ST.INT.XPND.CD,Kyrgyzstan,KGZ,28000000.00,21000000.00,27000000.00,35000000.00,73000000.00,94000000.00,142000000.00,215000000.00,450000000.00,273000000.00,275000000.00,392000000.00,529000000.00,505000000.00,568000000.00,535000000.00,582000000.00,422000000.00,451000000.00,519000000.00,185000000.00,6321000000.00,Asia
ST.INT.XPND.CD,Laos,LAO,,4099999.91,4300000.19,5000000.00,8000000.00,10000000.00,15000000.00,14000000.00,51000000.00,91000000.00,215000000.00,248000000.00,614000000.00,907000000.00,1054000000.00,1002000000.00,912099975.60,930000000.00,1005000000.00,1029000000.00,260000000.00,8378499976.00,Asia
ST.INT.XPND.CD,Latvia,LVA,281000000.00,255000000.00,267000000.00,365000000.00,428000000.00,655000000.00,788000000.00,1021000000.00,,,,,,,,,,,,,,4060000000.00,Europe
ST.INT.XPND.CD,Lebanon,LBN,,,,3319000000.00,3719000000.00,3565000000.00,3783000000.00,3914000000.00,4297000000.00,4928000000.00,4868000000.00,4440000000.00,4511000000.00,4692000000.00,5198000000.00,5187000000.00,5252000000.00,5704000000.00,6395000000.00,6495000000.00,1699000000.00,81966000000.00,Asia
ST.INT.XPND.CD,Lesotho,LSO,195000000.00,166000000.00,164000000.00,242000000.00,278000000.00,271000000.00,263000000.00,276000000.00,248000000.00,247000000.00,278000000.00,300000000.00,252000000.00,212000000.00,177000000.00,180000000.00,262000000.00,307000000.00,347000000.00,323000000.00,277000000.00,5265000000.00,Africa
ST.INT.XPND.CD,Liberia,LBR,,,,,29000000.00,33000000.00,41000000.00,48000000.00,58000000.00,51000000.00,,,,,,,,,,,,260000000.00,Africa
ST.INT.XPND.CD,Libya,LBY,495000000.00,572000000.00,654000000.00,689000000.00,789000000.00,920000000.00,915000000.00,1010000000.00,1339000000.00,1683000000.00,2184000000.00,,2654000000.00,2598000000.00,1325000000.00,1066000000.00,813000000.00,2005000000.00,2042000000.00,,,23753000000.00,Africa
ST.INT.XPND.CD,Liechtenstein,LIE,,,,,,,,,,,,,,,,,,,,,,0.00,Europe
ST.INT.XPND.CD,Lithuania,LTU,261000000.00,227000000.00,334000000.00,476000000.00,643000000.00,,,,,,,,,,,,,,,,,1941000000.00,Europe
ST.INT.XPND.CD,Luxembourg,LUX,,,1936000000.00,2445000000.00,2920000000.00,3015000000.00,3058000000.00,3491000000.00,3839000000.00,3670000000.00,3626000000.00,3873000000.00,3094000000.00,3292000000.00,3359000000.00,2333000000.00,2048000000.00,2607000000.00,2872000000.00,3288000000.00,2458000000.00,57224000000.00,Europe
ST.INT.XPND.CD,"Macao SAR, China",MAC,,,512000000.00,471000000.00,529000000.00,475000000.00,506000000.00,608000000.00,695000000.00,714000000.00,883000000.00,1064000000.00,1155000000.00,1239000000.00,1385000000.00,1435000000.00,1500000000.00,1702000000.00,1941000000.00,2034000000.00,886000000.00,19734000000.00,Null
ST.INT.XPND.CD,Madagascar,MDG,139000000.00,179000000.00,192000000.00,67000000.00,108000000.00,164000000.00,167000000.00,188000000.00,264000000.00,225000000.00,216000000.00,288000000.00,235000000.00,256000000.00,317000000.00,240000000.00,300000000.00,319000000.00,309000000.00,319000000.00,97000000.00,4589000000.00,Africa
ST.INT.XPND.CD,Malawi,MWI,53000000.00,52000000.00,86000000.00,70000000.00,70000000.00,84000000.00,85000000.00,79000000.00,86000000.00,91000000.00,90000000.00,92000000.00,96000000.00,90000000.00,106000000.00,121000000.00,100000000.00,120000000.00,174000000.00,195000000.00,119000000.00,2059000000.00,Africa
ST.INT.XPND.CD,Malaysia,MYS,2543000000.00,3391000000.00,3330000000.00,3401000000.00,3822000000.00,4339000000.00,5085000000.00,6600000000.00,7724000000.00,7196000000.00,9258000000.00,11136000000.00,13165000000.00,13377000000.00,13893000000.00,11599000000.00,11339000000.00,12145000000.00,13207000000.00,13694000000.00,5206000000.00,175000000000.00,Asia
ST.INT.XPND.CD,Maldives,MDV,60000000.00,59000000.00,60000000.00,60000000.00,75000000.00,94000000.00,106000000.00,152000000.00,211000000.00,212000000.00,252000000.00,231000000.00,207000000.00,252000000.00,271000000.00,309000000.00,347000000.00,369000000.00,414000000.00,431000000.00,106000000.00,4278000000.00,Asia
ST.INT.XPND.CD,Mali,MLI,66000000.00,65000000.00,62000000.00,94000000.00,125000000.00,133000000.00,196000000.00,201000000.00,228000000.00,191000000.00,167000000.00,171000000.00,164000000.00,189000000.00,231000000.00,207000000.00,213000000.00,220000000.00,255000000.00,,,3178000000.00,Africa
ST.INT.XPND.CD,Malta,MLT,224000000.00,204000000.00,180000000.00,238000000.00,291000000.00,311000000.00,362000000.00,284000000.00,,,,,,,,,,,,,,2094000000.00,Europe
ST.INT.XPND.CD,Marshall Islands,MHL,200000.00,300000.01,300000.01,300000.01,400000.01,25500000.00,23100000.38,24299999.24,24500000.00,24549999.24,21989999.77,23799999.24,25500000.00,24700000.76,23799999.24,26200000.76,27000000.00,27600000.38,31399999.62,,,355439998.70,Oceania
ST.INT.XPND.CD,Mauritania,MRT,,,,,,,,,,,,,101000000.00,105000000.00,112000000.00,73000000.00,74000000.00,61000000.00,38000000.00,56000000.00,35000000.00,655000000.00,Africa
ST.INT.XPND.CD,Mauritius,MUS,203000000.00,216000000.00,223000000.00,236000000.00,277000000.00,295000000.00,347000000.00,384000000.00,489000000.00,384000000.00,423000000.00,427000000.00,394000000.00,458000000.00,503000000.00,616000000.00,683000000.00,738000000.00,663000000.00,656000000.00,224000000.00,8839000000.00,Africa
ST.INT.XPND.CD,Mexico,MEX,6365000000.00,6685000000.00,7087000000.00,7252000000.00,8034000000.00,8951000000.00,9387000000.00,9918000000.00,10246000000.00,8737000000.00,9001000000.00,9704000000.00,10735000000.00,11970000000.00,12556000000.00,12668000000.00,12823000000.00,13647000000.00,14074000000.00,12300000000.00,4286000000.00,206000000000.00,North America
ST.INT.XPND.CD,"Micronesia, Fed. Sts.",FSM,5300000.19,5400000.10,5300000.19,5500000.00,6699999.81,6900000.10,7000000.00,7000000.00,7099999.91,26000000.00,28000000.00,27000000.00,30000000.00,29000000.00,29000000.00,,,,,,,225200000.30,Null
ST.INT.XPND.CD,Moldova,MDA,86000000.00,90000000.00,109000000.00,118000000.00,135000000.00,170000000.00,224000000.00,290000000.00,359000000.00,307000000.00,298000000.00,349000000.00,396000000.00,428000000.00,442000000.00,370000000.00,334000000.00,380000000.00,438000000.00,479000000.00,303000000.00,6105000000.00,Europe
ST.INT.XPND.CD,Monaco,MCO,,,,,,,,,,,,,,,,,,,,,,0.00,Europe
ST.INT.XPND.CD,Mongolia,MNG,54000000.00,59000000.00,125000000.00,144000000.00,207000000.00,142000000.00,196000000.00,218000000.00,249000000.00,242000000.00,319000000.00,460000000.00,558000000.00,643000000.00,529000000.00,473000000.00,536000000.00,618000000.00,822000000.00,1036000000.00,573000000.00,8203000000.00,Asia
ST.INT.XPND.CD,Montenegro,MNE,,,,,,,,58000000.00,80000000.00,76000000.00,72000000.00,70000000.00,67000000.00,81000000.00,79000000.00,69000000.00,91000000.00,91000000.00,73000000.00,72000000.00,38000000.00,1017000000.00,Europe
ST.INT.XPND.CD,Morocco,MAR,506000000.00,589000000.00,669000000.00,845000000.00,912000000.00,999000000.00,1113000000.00,1418000000.00,1910000000.00,1713000000.00,1879000000.00,2260000000.00,2095000000.00,2002000000.00,2273000000.00,2155000000.00,2312000000.00,2829000000.00,2987000000.00,3102000000.00,1509000000.00,36077000000.00,Africa
ST.INT.XPND.CD,Mozambique,MOZ,122000000.00,132000000.00,115000000.00,141000000.00,140000000.00,187000000.00,196000000.00,209000000.00,241000000.00,247000000.00,247000000.00,264000000.00,247000000.00,313000000.00,331000000.00,322000000.00,290000000.00,237000000.00,135000000.00,99000000.00,95000000.00,4310000000.00,Africa
ST.INT.XPND.CD,Myanmar,MMR,30000000.00,32000000.00,34000000.00,36000000.00,32000000.00,34000000.00,40000000.00,39000000.00,49700000.76,,,132000000.00,265000000.00,131000000.00,119000000.00,146000000.00,201000000.00,136000000.00,118000000.00,214000000.00,,1788700001.00,Asia
ST.INT.XPND.CD,Namibia,NAM,,,,,,,,,,40000000.00,42000000.00,55000000.00,53000000.00,47000000.00,67000000.00,71000000.00,82000000.00,92000000.00,69000000.00,118000000.00,77000000.00,813000000.00,Africa
ST.INT.XPND.CD,Nauru,NRU,,,,,,,,,1500000.00,2500000.00,2900000.00,2900000.00,1900000.00,4300000.00,10700000.00,6400000.00,10000000.00,9000000.00,7100000.00,,,59200000.00,Oceania
ST.INT.XPND.CD,Nepal,NPL,109000000.00,128000000.00,108000000.00,119000000.00,205000000.00,221000000.00,261000000.00,402000000.00,545000000.00,572000000.00,528000000.00,420000000.00,562000000.00,598000000.00,680000000.00,669000000.00,634000000.00,886000000.00,915000000.00,713000000.00,267000000.00,9542000000.00,Asia
ST.INT.XPND.CD,Netherlands,NLD,13649000000.00,13061000000.00,14201000000.00,15887000000.00,16937000000.00,,,,,,,,20094000000.00,21009000000.00,23655000000.00,20234000000.00,20188800781.00,22301099609.00,23359300781.00,22547400391.00,7435700195.00,255000000000.00,Europe
ST.INT.XPND.CD,New Caledonia,NCL,,,,,,,,,354000000.00,330000000.00,343000000.00,356000000.00,336000000.00,333000000.00,328000000.00,253000000.00,252000000.00,,,,,2885000000.00,Null
ST.INT.XPND.CD,New Zealand,NZL,1235000000.00,1255000000.00,1386000000.00,1649000000.00,2229000000.00,2671000000.00,2535000000.00,3077000000.00,3006000000.00,2580000000.00,3039000000.00,3461000000.00,3715000000.00,3861000000.00,4108000000.00,3721000000.00,4010000000.00,4463000000.00,4603000000.00,,,56604000000.00,Oceania
ST.INT.XPND.CD,Nicaragua,NIC,126000000.00,128000000.00,125000000.00,139000000.00,154000000.00,162000000.00,224000000.00,238000000.00,265000000.00,256000000.00,225000000.00,240000000.00,241000000.00,277000000.00,286000000.00,273000000.00,310000000.00,365000000.00,349000000.00,312000000.00,102000000.00,4797000000.00,North America
ST.INT.XPND.CD,Niger,NER,32000000.00,33000000.00,29000000.00,39000000.00,42000000.00,42000000.00,42000000.00,48000000.00,98000000.00,84000000.00,95000000.00,57000000.00,132000000.00,81000000.00,129000000.00,140000000.00,110000000.00,120000000.00,141000000.00,144500000.00,,1638500000.00,Africa
ST.INT.XPND.CD,Nigeria,NGA,610000000.00,858000000.00,910000000.00,2076000000.00,,501000000.00,3536000000.00,6665000000.00,11007000000.00,6236000000.00,8348000000.00,9533000000.00,9240000000.00,9152000000.00,9204000000.00,9017000000.00,4524000000.00,8194000000.00,13218000000.00,16406000000.00,6613000000.00,136000000000.00,Africa
ST.INT.XPND.CD,North Macedonia,MKD,58000000.00,60000000.00,60000000.00,71000000.00,85000000.00,97000000.00,110000000.00,147000000.00,190000000.00,150000000.00,131000000.00,159000000.00,153000000.00,168000000.00,186000000.00,189000000.00,204000000.00,233000000.00,282000000.00,302000000.00,153000000.00,3188000000.00,Null
ST.INT.XPND.CD,Northern Mariana Islands,MNP,,,,,,,,,,,,,,,,,,,,,,0.00,Null
ST.INT.XPND.CD,Norway,NOR,4893000000.00,4718000000.00,5610000000.00,7089000000.00,8894000000.00,10400000000.00,11273000000.00,13256000000.00,15118000000.00,13221000000.00,14658000000.00,16958000000.00,18131000000.00,20116000000.00,20166000000.00,16485000000.00,16384000000.00,17489000000.00,18307000000.00,17683000000.00,4230000000.00,275000000000.00,Europe
ST.INT.XPND.CD,Oman,OMN,629000000.00,703000000.00,702000000.00,804000000.00,823000000.00,863000000.00,894000000.00,952000000.00,1197000000.00,1295000000.00,1243000000.00,1493000000.00,1644000000.00,1824000000.00,2081000000.00,2208000000.00,2643000000.00,2915000000.00,3210000000.00,3406000000.00,1236000000.00,32765000000.00,Asia
ST.INT.XPND.CD,Pakistan,PAK,574000000.00,555000000.00,491000000.00,1163000000.00,1612000000.00,1753000000.00,2029000000.00,2075000000.00,2163000000.00,1098000000.00,1370000000.00,1857000000.00,1851000000.00,1638000000.00,2209000000.00,2642000000.00,2931000000.00,3316000000.00,2959000000.00,2998000000.00,1245000000.00,38529000000.00,Asia
ST.INT.XPND.CD,Palau,PLW,11500000.00,14100000.38,18200000.76,16399999.62,18200000.76,18000000.00,17399999.62,17100000.38,19100000.38,16100000.38,15199999.81,17000000.00,19399999.62,18500000.00,17200000.76,21899999.62,23799999.24,23299999.24,,,,322400000.60,Oceania
ST.INT.XPND.CD,Panama,PAN,241000000.00,227000000.00,252000000.00,267000000.00,294000000.00,388000000.00,403000000.00,457000000.00,560000000.00,503000000.00,575000000.00,679000000.00,591000000.00,1078000000.00,1147000000.00,1272000000.00,1351000000.00,1132000000.00,1395000000.00,1623000000.00,601000000.00,15036000000.00,North America
ST.INT.XPND.CD,Papua New Guinea,PNG,,,,52000000.00,71900001.53,56200000.76,43000000.00,81000000.00,75000000.00,132000000.00,138000000.00,186000000.00,203000000.00,214000000.00,168000000.00,135000000.00,126599998.50,168600006.10,134000000.00,,,1984300007.00,Oceania
ST.INT.XPND.CD,Paraguay,PRY,154000000.00,130000000.00,117000000.00,115000000.00,121000000.00,130000000.00,144000000.00,184000000.00,214000000.00,231000000.00,261000000.00,308000000.00,363000000.00,425000000.00,448000000.00,494000000.00,512000000.00,545000000.00,549000000.00,552000000.00,226000000.00,6223000000.00,South America
ST.INT.XPND.CD,Peru,PER,641000000.00,773000000.00,806000000.00,847000000.00,852000000.00,970000000.00,1047000000.00,1243000000.00,1432000000.00,1404000000.00,1648000000.00,1768000000.00,1900000000.00,2105000000.00,2118000000.00,2539000000.00,2700000000.00,2893000000.00,3353000000.00,3627399902.00,938000000.00,35604399902.00,South America
ST.INT.XPND.CD,Philippines,PHL,1841000000.00,1918000000.00,1874000000.00,1649000000.00,1526000000.00,3286000000.00,3075000000.00,3351000000.00,4285000000.00,4056000000.00,5964000000.00,6055000000.00,7140000000.00,8400000000.00,11130000000.00,11868000000.00,11681000000.00,12442000000.00,12474000000.00,12926000000.00,4872000000.00,132000000000.00,Asia
ST.INT.XPND.CD,Poland,POL,3417000000.00,3595000000.00,3440000000.00,3286000000.00,5086000000.00,5887000000.00,7645000000.00,8339000000.00,10683000000.00,7883000000.00,8888000000.00,8672000000.00,8911000000.00,8916000000.00,9177000000.00,8285000000.00,8509000000.00,9420000000.00,10367000000.00,10161000000.00,5547000000.00,156000000000.00,Europe
ST.INT.XPND.CD,Portugal,PRT,2754000000.00,2606000000.00,2635000000.00,2983000000.00,3370000000.00,3742000000.00,4144000000.00,4867000000.00,5284000000.00,4609000000.00,4692000000.00,4951000000.00,4482000000.00,4882000000.00,5213000000.00,4576000000.00,4707000000.00,5509000000.00,6427000000.00,6823000000.00,3536000000.00,92792000000.00,Europe
ST.INT.XPND.CD,Puerto Rico,PRI,1333000000.00,1456000000.00,1319000000.00,1420000000.00,1584000000.00,1663000000.00,1752000000.00,1743000000.00,1761000000.00,1388000000.00,1182000000.00,1202000000.00,1162000000.00,1142000000.00,1094000000.00,983000000.00,1059000000.00,1072000000.00,893000000.00,,,25208000000.00,Null
ST.INT.XPND.CD,Qatar,QAT,,,,,,,,,,,,7813000000.00,10702000000.00,11729000000.00,12871000000.00,11641000000.00,13152000000.00,12284000000.00,11754000000.00,12528000000.00,11504000000.00,116000000000.00,Asia
ST.INT.XPND.CD,Romania,ROU,447000000.00,475000000.00,448000000.00,572000000.00,672000000.00,1071000000.00,1457000000.00,1723000000.00,2407000000.00,1766000000.00,1897000000.00,2294000000.00,2108000000.00,2125000000.00,2741000000.00,2526000000.00,2910000000.00,4955000000.00,6109000000.00,7172000000.00,3472000000.00,49347000000.00,Europe
ST.INT.XPND.CD,Russia,RUS,,9760000000.00,11362000000.00,13427000000.00,16082000000.00,17963000000.00,18850000000.00,22456000000.00,26401000000.00,23785000000.00,30169000000.00,37343000000.00,48096000000.00,59504000000.00,55383000000.00,38432000000.00,27654000000.00,35584000000.00,38791000000.00,40611000000.00,10800000000.00,582000000000.00,Asia
ST.INT.XPND.CD,Rwanda,RWA,35000000.00,33000000.00,,,,75000000.00,84000000.00,98000000.00,146000000.00,148000000.00,120000000.00,142000000.00,133000000.00,126000000.00,133000000.00,350000000.00,364000000.00,419000000.00,390000000.00,382799987.80,127000000.00,3305799988.00,Africa
ST.INT.XPND.CD,Samoa,WSM,,,,,11899999.62,20299999.24,21200000.76,19799999.24,21600000.38,20000000.00,25200000.76,22299999.24,22299999.24,13899999.62,4099999.91,2900000.10,2099999.91,3900000.10,4099999.91,5199999.81,1799999.95,222599997.80,Oceania
ST.INT.XPND.CD,San Marino,SMR,,,,,,,,,,,,,,,,,,,,,,0.00,Europe
ST.INT.XPND.CD,Sao Tome and Principe,STP,2200000.05,2000000.00,1799999.95,1799999.95,2099999.91,500000.00,1100000.02,699999.99,310000.00,410000.00,550000.01,1350000.02,3200000.05,,,,,,,,,18019999.95,Africa
ST.INT.XPND.CD,Saudi Arabia,SAU,,,7370000000.00,4165000000.00,,,,21031000000.00,16005000000.00,21312000000.00,22076000000.00,18202000000.00,17986000000.00,18648000000.00,25137000000.00,20366000000.00,17671000000.00,19065000000.00,17939000000.00,16415000000.00,9069000000.00,272000000000.00,Asia
ST.INT.XPND.CD,Senegal,SEN,125000000.00,112000000.00,112000000.00,129000000.00,138000000.00,144000000.00,139000000.00,352000000.00,277000000.00,260000000.00,217000000.00,250000000.00,248000000.00,265000000.00,280000000.00,261000000.00,277000000.00,295000000.00,324000000.00,,,4205000000.00,Africa
ST.INT.XPND.CD,Serbia,SRB,,,105000000.00,144000000.00,208000000.00,260000000.00,322000000.00,1203000000.00,1448000000.00,1105000000.00,1103000000.00,1263000000.00,1188000000.00,1290000000.00,1360000000.00,1254000000.00,1351000000.00,1549000000.00,1837000000.00,2000000000.00,1179000000.00,20169000000.00,Europe
ST.INT.XPND.CD,Seychelles,SYC,44000000.00,41000000.00,53000000.00,54000000.00,53000000.00,59000000.00,56000000.00,73000000.00,64000000.00,56000000.00,63000000.00,65000000.00,58000000.00,62000000.00,65000000.00,54000000.00,92000000.00,104000000.00,101000000.00,109000000.00,39000000.00,1365000000.00,Africa
ST.INT.XPND.CD,Sierra Leone,SLE,34500000.00,42200000.76,39099998.47,37799999.24,30299999.24,33599998.47,15000000.00,17000000.00,24399999.62,26000000.00,22000000.00,26000000.00,32000000.00,71000000.00,45000000.00,34000000.00,36500000.00,62000000.00,61000000.00,83000000.00,,772399995.80,Africa
ST.INT.XPND.CD,Singapore,SGP,4535000000.00,6600000000.00,8212000000.00,8382000000.00,9291000000.00,10070000000.00,11268000000.00,13503000000.00,16340000000.00,15704000000.00,18700000000.00,21420000000.00,23139000000.00,24407000000.00,25547000000.00,23658000000.00,23957000000.00,24588000000.00,25346000000.00,,,315000000000.00,Asia
ST.INT.XPND.CD,Sint Maarten (Dutch part),SXM,,,,,,,,83400001.53,88099998.47,104000000.00,105000000.00,112000000.00,120000000.00,114000000.00,117000000.00,118000000.00,114000000.00,100000000.00,77000000.00,77000000.00,21000000.00,1350500000.00,Null
ST.INT.XPND.CD,Slovakia,SVK,341000000.00,340000000.00,506000000.00,662000000.00,900000000.00,1122000000.00,1230000000.00,1825000000.00,2671000000.00,2251000000.00,2146000000.00,2450000000.00,2309000000.00,2523000000.00,2582000000.00,2266000000.00,2420000000.00,2599000000.00,2823000000.00,2811000000.00,1291000000.00,38068000000.00,Europe
ST.INT.XPND.CD,Slovenia,SVN,544000000.00,560000000.00,647000000.00,805000000.00,937000000.00,1019000000.00,1059000000.00,1260000000.00,1611000000.00,1771000000.00,1642000000.00,1727000000.00,1508000000.00,1559000000.00,1646000000.00,1370000000.00,1483800049.00,1641099976.00,1864300049.00,1771699951.00,855799987.80,27281700012.00,Europe
ST.INT.XPND.CD,Solomon Islands,SLB,12199999.81,10500000.00,8500000.00,6400000.10,12300000.19,11199999.81,26500000.00,35599998.47,40500000.00,37799999.24,51200000.76,66000000.00,68099998.47,68300003.05,65599998.47,60700000.76,74900001.53,72699996.95,53000000.00,62500000.00,30909999.85,875409997.50,Oceania
ST.INT.XPND.CD,Somalia,SOM,,,,,,,,,,,,,,,,,,,,,,0.00,Africa
ST.INT.XPND.CD,South Africa,ZAF,2684000000.00,2366000000.00,2251000000.00,3655000000.00,4237000000.00,4812000000.00,5230000000.00,6104000000.00,6905000000.00,6421000000.00,8139000000.00,8397000000.00,7145000000.00,6491000000.00,6314000000.00,5734000000.00,5354000000.00,6068000000.00,6348000000.00,5866000000.00,1594000000.00,112000000000.00,Africa
ST.INT.XPND.CD,South Sudan,SSD,,,,,,,,,,,,,,,239000000.00,759000000.00,323000000.00,293000000.00,513000000.00,,469000000.00,2596000000.00,Africa
ST.INT.XPND.CD,Spain,ESP,,,,,,,,,,,,,,,,,,,,,,0.00,Europe
ST.INT.XPND.CD,Sri Lanka,LKA,383000000.00,402000000.00,438000000.00,462000000.00,499000000.00,552000000.00,666000000.00,709000000.00,777000000.00,735000000.00,828000000.00,926000000.00,1219000000.00,1808000000.00,1922000000.00,2152000000.00,2295000000.00,2409000000.00,2487000000.00,2436000000.00,803000000.00,24908000000.00,Asia
ST.INT.XPND.CD,St. Kitts and Nevis,KNA,,,,,,,,,,,,,,,51000000.00,52000000.00,51000000.00,56000000.00,56000000.00,60000000.00,18000000.00,344000000.00,Null
ST.INT.XPND.CD,St. Lucia,LCA,,,,,,,,,,,,,,,66000000.00,76000000.00,78000000.00,84000000.00,85000000.00,92000000.00,28000000.00,509000000.00,Null
ST.INT.XPND.CD,St. Martin (French part),MAF,,,,,,,,,,,,,,,,,,,,,,0.00,Null
ST.INT.XPND.CD,St. Vincent and the Grenadines,VCT,,,,,,,,,,,,,,,34000000.00,40000000.00,41000000.00,38000000.00,40000000.00,40000000.00,13000000.00,246000000.00,Null
ST.INT.XPND.CD,Sudan,SDN,55000000.00,74000000.00,91000000.00,119000000.00,176000000.00,667000000.00,1414000000.00,1477000000.00,1268000000.00,868000000.00,1127000000.00,937000000.00,699000000.00,460000000.00,439000000.00,195000000.00,203000000.00,29000000.00,13000000.00,,,10311000000.00,Africa
ST.INT.XPND.CD,Suriname,SUR,67000000.00,62000000.00,54000000.00,68000000.00,85000000.00,94000000.00,33000000.00,28000000.00,35000000.00,35000000.00,41000000.00,49000000.00,58000000.00,75000000.00,90000000.00,128000000.00,112000000.00,99000000.00,104000000.00,94000000.00,64000000.00,1475000000.00,South America
ST.INT.XPND.CD,Sweden,SWE,8959000000.00,7916000000.00,8221000000.00,9375000000.00,11088000000.00,11088000000.00,11159000000.00,13646000000.00,14622000000.00,12075000000.00,13973000000.00,,,,,,,,,,,122000000000.00,Europe
ST.INT.XPND.CD,Switzerland,CHE,7837000000.00,7540000000.00,7633000000.00,9148000000.00,10518000000.00,11218000000.00,11822000000.00,12984000000.00,14083000000.00,13799000000.00,14332000000.00,17538000000.00,18884000000.00,19963000000.00,20853000000.00,19675000000.00,19941000000.00,21501000000.00,21441000000.00,21097000000.00,10372000000.00,312000000000.00,Europe
ST.INT.XPND.CD,Syria,SYR,,,,734000000.00,688000000.00,584000000.00,585000000.00,710000000.00,911000000.00,980000000.00,1598000000.00,850000000.00,,,,,,,,,,7640000000.00,Asia
ST.INT.XPND.CD,Tajikistan,TJK,,,,,,,,,,,35400001.53,31399999.62,36500000.00,42500000.00,,,24600000.38,15100000.38,24200000.76,28399999.62,10800000.19,248900002.50,Asia
ST.INT.XPND.CD,Tanzania,TZA,369000000.00,363000000.00,361000000.00,375000000.00,470000000.00,577000000.00,571000000.00,616000000.00,746000000.00,806000000.00,861000000.00,928000000.00,1003000000.00,1101000000.00,1185000000.00,1288000000.00,992000000.00,873000000.00,818000000.00,738200012.20,,15041200012.00,Africa
ST.INT.XPND.CD,Thailand,THA,3218000000.00,3334000000.00,3888000000.00,3538000000.00,5343000000.00,4920000000.00,6176000000.00,6889000000.00,6707000000.00,5744000000.00,7155000000.00,7534000000.00,8095000000.00,8238000000.00,8824000000.00,9539000000.00,11267000000.00,12676000000.00,14406000000.00,14969000000.00,3681000000.00,156000000000.00,Asia
ST.INT.XPND.CD,Timor-Leste,TLS,,,,,,,2000000.00,5000000.00,51000000.00,69000000.00,68000000.00,62000000.00,92000000.00,57000000.00,84000000.00,100000000.00,118000000.00,137000000.00,131000000.00,110000000.00,61000000.00,1147000000.00,Null
ST.INT.XPND.CD,Togo,TGO,15000000.00,20000000.00,26000000.00,37000000.00,38000000.00,42000000.00,42000000.00,59000000.00,68000000.00,94000000.00,89000000.00,81000000.00,46000000.00,58000000.00,60000000.00,53000000.00,55000000.00,57000000.00,65000000.00,61000000.00,,1066000000.00,Africa
ST.INT.XPND.CD,Tonga,TON,,,,13199999.81,16200000.76,16000000.00,15000000.00,17299999.24,21299999.24,19799999.24,21600000.38,23399999.62,28500000.00,29100000.38,30100000.38,32400001.53,23799999.24,37700000.76,41200000.76,44000000.00,38000000.00,468600001.30,Oceania
ST.INT.XPND.CD,Trinidad and Tobago,TTO,190000000.00,172000000.00,208000000.00,143000000.00,141000000.00,234000000.00,146000000.00,155000000.00,102000000.00,136000000.00,97000000.00,188000000.00,223000000.00,116000000.00,168000000.00,253000000.00,230000000.00,147000000.00,149000000.00,133000000.00,42000000.00,3373000000.00,North America
ST.INT.XPND.CD,Tunisia,TUN,310000000.00,322000000.00,303000000.00,355000000.00,427000000.00,452000000.00,498000000.00,530000000.00,555000000.00,478000000.00,611000000.00,678000000.00,673000000.00,768000000.00,770000000.00,767000000.00,823000000.00,871000000.00,954000000.00,889000000.00,407000000.00,12441000000.00,Africa
ST.INT.XPND.CD,Turkey,TUR,,,,,,3563000000.00,3517000000.00,4254000000.00,4509000000.00,5061000000.00,5817000000.00,5372000000.00,4585000000.00,5017000000.00,5331000000.00,5635000000.00,5698000000.00,5865000000.00,6068000000.00,5354000000.00,1639000000.00,77285000000.00,Asia
ST.INT.XPND.CD,Turkmenistan,TKM,,,,,,,,,,,,,,,,,,,,,,0.00,Asia
ST.INT.XPND.CD,Turks and Caicos Islands,TCA,,,,,,,,,,,,,,,,,,,,,,0.00,Null
ST.INT.XPND.CD,Tuvalu,TUV,,4199999.81,3900000.10,4300000.19,4599999.91,4599999.91,5429999.83,6889999.87,8399999.62,7500000.00,8699999.81,11449999.81,11500000.00,6900000.10,7500000.00,9399999.62,11399999.62,10100000.38,10800000.19,9800000.19,,147369998.90,Oceania
ST.INT.XPND.CD,Uganda,UGA,,,,,158000000.00,185000000.00,196000000.00,220000000.00,315000000.00,351000000.00,464000000.00,540000000.00,642000000.00,349000000.00,342000000.00,278000000.00,309000000.00,365000000.00,497000000.00,596000000.00,268000000.00,6075000000.00,Africa
ST.INT.XPND.CD,Ukraine,UKR,561000000.00,676000000.00,794000000.00,953000000.00,2660000000.00,3078000000.00,3202000000.00,4022000000.00,4585000000.00,3751000000.00,4134000000.00,4829000000.00,5536000000.00,6300000000.00,5470000000.00,5408000000.00,6306000000.00,7536000000.00,8287000000.00,8907000000.00,4823000000.00,91818000000.00,Europe
ST.INT.XPND.CD,United Arab Emirates,ARE,3019000000.00,3321000000.00,3651000000.00,3956000000.00,4472000000.00,6186000000.00,8827000000.00,11273000000.00,13288000000.00,10347000000.00,11818000000.00,13206000000.00,15072000000.00,16188000000.00,15848000000.00,16637099609.00,17127259766.00,17644699219.00,18004099609.00,18382000000.00,15085000000.00,243000000000.00,Asia
ST.INT.XPND.CD,United Kingdom,GBR,,,,,,,,,,,,,,,,,,,,,,0.00,Europe
ST.INT.XPND.CD,United States of America,USA,85490000000.00,82185000000.00,79362000000.00,81708000000.00,93343000000.00,98694000000.00,105000000000.00,113000000000.00,119000000000.00,115000000000.00,124000000000.00,131000000000.00,138000000000.00,132000000000.00,140000000000.00,145000000000.00,148000000000.00,158000000000.00,177000000000.00,186000000000.00,48837000000.00,2500000000000.00,North America
ST.INT.XPND.CD,Uruguay,URY,381000000.00,338000000.00,243000000.00,236000000.00,267000000.00,331000000.00,305000000.00,354000000.00,466000000.00,442000000.00,549000000.00,797000000.00,1043000000.00,1486000000.00,1559000000.00,1384000000.00,1079000000.00,1222000000.00,1252000000.00,1424000000.00,412000000.00,15570000000.00,South America
ST.INT.XPND.CD,Uzbekistan,UZB,,,,,,,,,,,,,,,1509000000.00,1902000000.00,1832000000.00,2107000000.00,2722000000.00,2753000000.00,1062000000.00,13887000000.00,Asia
ST.INT.XPND.CD,Vanuatu,VUT,,,11000000.00,14000000.00,15000000.00,13000000.00,11000000.00,13000000.00,32000000.00,28000000.00,34000000.00,39000000.00,43000000.00,46000000.00,41000000.00,34000000.00,28000000.00,19000000.00,21000000.00,32000000.00,22000000.00,496000000.00,Oceania
ST.INT.XPND.CD,Venezuela,VEN,1647000000.00,1718000000.00,1546000000.00,1311000000.00,1604000000.00,1843000000.00,1807000000.00,2292000000.00,2745000000.00,3019000000.00,2944000000.00,3994000000.00,4592000000.00,5417000000.00,4118000000.00,3249000000.00,2920000000.00,,,,,46766000000.00,South America
ST.INT.XPND.CD,Vietnam,VNM,,,,,,900000000.00,1050000000.00,1220000000.00,1300000000.00,1100000000.00,1470000000.00,1710000000.00,1856000000.00,2050000000.00,2650000000.00,3595000000.00,4500000000.00,5040000000.00,5910000000.00,6460000000.00,4360000000.00,45171000000.00,Asia
ST.INT.XPND.CD,Virgin Islands (U.S.),VIR,,,,,,,,,,,,,,,,,,,,,,0.00,Null
ST.INT.XPND.CD,West Bank and Gaza,PSE,290000000.00,361000000.00,373000000.00,312000000.00,336000000.00,223000000.00,211000000.00,395000000.00,477000000.00,479000000.00,521000000.00,603000000.00,647000000.00,630000000.00,514000000.00,606000000.00,620000000.00,813000000.00,826000000.00,914000000.00,567000000.00,10718000000.00,Null
ST.INT.XPND.CD,Yemen,YEM,127000000.00,136000000.00,135000000.00,134000000.00,183000000.00,224000000.00,225000000.00,247000000.00,246000000.00,277000000.00,252000000.00,258000000.00,148000000.00,161000000.00,158000000.00,79000000.00,56000000.00,,,,,3046000000.00,Asia
ST.INT.XPND.CD,Zambia,ZMB,102000000.00,102000000.00,109000000.00,115000000.00,86000000.00,87000000.00,92000000.00,120000000.00,164000000.00,143000000.00,167000000.00,223000000.00,303000000.00,357000000.00,378000000.00,400000000.00,423000000.00,410000000.00,478000000.00,511000000.00,474000000.00,5244000000.00,Africa
ST.INT.XPND.CD,Zimbabwe,ZWE,,,,,,,,,,167000000.00,203000000.00,317000000.00,387000000.00,441000000.00,451000000.00,557000000.00,406000000.00,337000000.00,269000000.00,257000000.00,157000000.00,3949000000.00,Africa
ST.INT.XPND.CD,Africa Eastern and Southern,AFE,5118278498.00,4740785821.00,4638409267.00,6366600631.00,7454375622.00,9095631488.00,10891986611.00,12282357127.00,13492776830.00,12173692910.00,15220695814.00,16038888577.00,14297265464.00,13297791368.00,13730114525.00,13529345036.00,12785958384.00,13833871657.00,13948520114.00,13285421768.00,,226000000000.00,Null
ST.INT.XPND.CD,Africa Western and Central,AFW,,,,,,3182179277.00,7008999777.00,11331069729.00,16538419957.00,11510021397.00,13305034031.00,15372632431.00,14804328912.00,14973427205.00,15349499031.00,15420497841.00,10307901538.00,15061265708.00,21291654470.00,25723080448.00,,211000000000.00,Null
ST.INT.XPND.CD,Arab World,ARB,,,,,,,,63296382380.00,63845283388.00,65201331976.00,70962703538.00,69143821951.00,75923418070.00,81949054134.00,92130370874.00,93507358155.00,91998492117.00,94677692222.00,94712413500.00,101000000000.00,,1060000000000.00,Null
ST.INT.XPND.CD,Caribbean small states,CSS,1297376533.00,1243368098.00,1305595208.00,1311465690.00,1475549714.00,1627568736.00,1500886217.00,1549146224.00,1335595693.00,1190815672.00,1117219162.00,1143762166.00,1474343214.00,1313878690.00,1458658711.00,1578456569.00,1622542180.00,1697867225.00,1750798337.00,,,26994894039.00,Null
ST.INT.XPND.CD,Central Europe and the Baltics,CEB,9875015638.00,10377656669.00,11429669531.00,13167559240.00,16559247222.00,18329758038.00,21036239406.00,25229025939.00,32415336178.00,26184233490.00,25541907416.00,27040308409.00,25808553702.00,26569629134.00,28474361523.00,25705149944.00,27664361997.00,32937582264.00,37121209259.00,38206176899.00,,480000000000.00,Null
ST.INT.XPND.CD,Early-demographic dividend,EAR,,,67424102395.00,66117035342.00,74329339727.00,86160545306.00,92920476870.00,110000000000.00,117000000000.00,117000000000.00,134000000000.00,133000000000.00,135000000000.00,143000000000.00,157000000000.00,161000000000.00,163000000000.00,178000000000.00,187000000000.00,186000000000.00,,2310000000000.00,Null
ST.INT.XPND.CD,East Asia & Pacific,EAS,,,,,,,,,,,,,,,,,,,,,,0.00,Null
ST.INT.XPND.CD,East Asia & Pacific (excluding high income),EAP,,,,,,,,,,,,,,,,,,,,,,0.00,Null
ST.INT.XPND.CD,East Asia & Pacific (IDA & IBRD countries),TEA,,,,,,,,,,,,,,,,,,,,,,0.00,Null
ST.INT.XPND.CD,Euro area,EMU,168000000000.00,164000000000.00,174000000000.00,209000000000.00,226000000000.00,242000000000.00,249000000000.00,286000000000.00,319000000000.00,282000000000.00,278000000000.00,310000000000.00,291000000000.00,310000000000.00,324000000000.00,264000000000.00,270000000000.00,299000000000.00,325000000000.00,324000000000.00,,5310000000000.00,Null
ST.INT.XPND.CD,Europe & Central Asia,ECS,232000000000.00,228000000000.00,244000000000.00,291000000000.00,324000000000.00,348000000000.00,363000000000.00,423000000000.00,477000000000.00,421000000000.00,434000000000.00,491000000000.00,493000000000.00,539000000000.00,552000000000.00,453000000000.00,449000000000.00,504000000000.00,546000000000.00,547000000000.00,,8360000000000.00,Null
ST.INT.XPND.CD,Europe & Central Asia (excluding high income),ECA,,16359925019.00,19014099506.00,22360205316.00,29014846624.00,32513581822.00,35024708854.00,42914890519.00,50409648467.00,45261482093.00,52596268769.00,62837657634.00,76690521872.00,91606244214.00,88088679092.00,69087899584.00,58941076538.00,72343375118.00,79423074238.00,82567114084.00,,1030000000000.00,Null
ST.INT.XPND.CD,Europe & Central Asia (IDA & IBRD countries),TEC,,20759842843.00,23356542108.00,26267131848.00,34977239804.00,39179524873.00,43472548823.00,52287916095.00,62297290644.00,54165770098.00,62301417796.00,72311114711.00,86364184719.00,101000000000.00,97861487193.00,77950020545.00,68300773289.00,83037467893.00,91384400507.00,94379487632.00,,1190000000000.00,Null
ST.INT.XPND.CD,European Union,EUU,185000000000.00,182000000000.00,193000000000.00,230000000000.00,252000000000.00,268000000000.00,279000000000.00,322000000000.00,362000000000.00,316000000000.00,315000000000.00,349000000000.00,328000000000.00,348000000000.00,365000000000.00,301000000000.00,309000000000.00,344000000000.00,375000000000.00,376000000000.00,,6000000000000.00,Null
ST.INT.XPND.CD,Fragile and conflict affected situations,FCS,,,,,,11913977403.00,16520580617.00,21728749775.00,28474948950.00,25145716721.00,30184026134.00,33356316267.00,35197645793.00,39455617135.00,39098359295.00,39433201556.00,32650144143.00,40237943893.00,47653655921.00,,,441000000000.00,Null
ST.INT.XPND.CD,Heavily indebted poor countries (HIPC),HPC,3317109406.00,3329310215.00,3708736833.00,4187570858.00,4849039783.00,6213974475.00,7959208078.00,8920069689.00,9659427051.00,9468269289.00,9350694785.00,10612098601.00,10405443388.00,10595708104.00,11508059625.00,11634195824.00,10878560153.00,11066297328.00,11938931651.00,12478988024.00,,172000000000.00,Null
ST.INT.XPND.CD,High income,HIC,432000000000.00,417000000000.00,431000000000.00,476000000000.00,546000000000.00,586000000000.00,610000000000.00,689000000000.00,741000000000.00,673000000000.00,723000000000.00,788000000000.00,801000000000.00,818000000000.00,860000000000.00,794000000000.00,816000000000.00,882000000000.00,950000000000.00,960000000000.00,,14000000000000.00,Null
ST.INT.XPND.CD,IBRD only,IBD,102000000000.00,107000000000.00,114000000000.00,119000000000.00,145000000000.00,166000000000.00,185000000000.00,222000000000.00,258000000000.00,237000000000.00,283000000000.00,319000000000.00,352000000000.00,393000000000.00,405000000000.00,363000000000.00,359000000000.00,412000000000.00,435000000000.00,447000000000.00,,5420000000000.00,Null
ST.INT.XPND.CD,IDA & IBRD total,IBT,108000000000.00,112000000000.00,119000000000.00,128000000000.00,155000000000.00,178000000000.00,204000000000.00,247000000000.00,291000000000.00,261000000000.00,311000000000.00,350000000000.00,383000000000.00,424000000000.00,437000000000.00,398000000000.00,386000000000.00,444000000000.00,476000000000.00,494000000000.00,,5900000000000.00,Null
ST.INT.XPND.CD,IDA blend,IDB,,,,,,3929732536.00,8303688880.00,12450302650.00,18431027698.00,11337519865.00,13817128887.00,16617420541.00,16405315493.00,16272749837.00,17164096054.00,18050557518.00,13035814679.00,18164479576.00,24345076315.00,28252107324.00,,237000000000.00,Null
ST.INT.XPND.CD,IDA only,IDX,4789169472.00,4651436245.00,5012992609.00,5557633181.00,6257871071.00,7415626035.00,9192136614.00,10684012277.00,12203341685.00,11594825930.00,12987466226.00,13285557120.00,13831452815.00,14412795539.00,14564480208.00,15411965688.00,14254780935.00,14941721783.00,16440068108.00,17082193038.00,,225000000000.00,Null
ST.INT.XPND.CD,IDA total,IDA,,,,,,11790449996.00,17816117495.00,23318346598.00,30593653223.00,23273853733.00,27131773016.00,30111029277.00,30472271657.00,30948553418.00,31982103766.00,33732271071.00,27144657871.00,32752255830.00,40201044516.00,44683288686.00,,436000000000.00,Null
ST.INT.XPND.CD,Late-demographic dividend,LTE,,,,,,,,,,,,,,,,,,,,,,0.00,Null
ST.INT.XPND.CD,Latin America & Caribbean,LCN,27633786540.00,26908017457.00,23887582717.00,24737019059.00,28162554651.00,32816692448.00,36413351116.00,42810677116.00,48197411280.00,45583190518.00,53868359629.00,64290224890.00,70397979487.00,77342496464.00,78310575568.00,69507453851.00,70244511261.00,80940138324.00,80791735174.00,75643090718.00,,1060000000000.00,Null
ST.INT.XPND.CD,Latin America & Caribbean (excluding high income),LAC,22080150892.00,21198407656.00,18589747944.00,19306926198.00,21938023961.00,26189902364.00,29657335147.00,35284791345.00,40243789990.00,37668651383.00,45905839120.00,54498113137.00,59314670294.00,64942126492.00,66969882811.00,59337782067.00,60398218881.00,69958386559.00,69923884309.00,64890411786.00,,888000000000.00,Null
ST.INT.XPND.CD,Latin America & the Caribbean (IDA & IBRD countries),TLA,24965154249.00,24138606581.00,21320510884.00,21898993821.00,24966361498.00,29429632891.00,32830891081.00,39110446416.00,44504990750.00,42370907402.00,50732249980.00,60973235242.00,66934991172.00,73764661300.00,74797509367.00,66122692784.00,66731592401.00,77049312752.00,77084923603.00,72084531613.00,,992000000000.00,Null
ST.INT.XPND.CD,Least developed countries: UN classification,LDC,3340576930.00,3151598019.00,3171361485.00,3469011639.00,4106786118.00,5172133344.00,6905895468.00,8084819054.00,8921852943.00,8184624127.00,8951985290.00,9831364633.00,10168952832.00,10679510079.00,11054235823.00,11323667419.00,10733777449.00,11787174468.00,12833855271.00,13064499220.00,,165000000000.00,Null
ST.INT.XPND.CD,Low & middle income,LMY,101000000000.00,105000000000.00,113000000000.00,121000000000.00,147000000000.00,168000000000.00,192000000000.00,235000000000.00,276000000000.00,248000000000.00,298000000000.00,336000000000.00,369000000000.00,409000000000.00,423000000000.00,386000000000.00,374000000000.00,431000000000.00,462000000000.00,480000000000.00,,5670000000000.00,Null
ST.INT.XPND.CD,Low income,LIC,,,,,,,,,,,,,,,,,,,,,,0.00,Null
ST.INT.XPND.CD,Lower middle income,LMC,18225673158.00,19760890433.00,24635655392.00,27042044871.00,32586181629.00,38649464923.00,45858407310.00,58724158263.00,72286360503.00,60082773969.00,71420190444.00,77237036382.00,79772670391.00,85781851474.00,94441485761.00,96964142916.00,98683577157.00,111000000000.00,122000000000.00,134000000000.00,,1370000000000.00,Null
ST.INT.XPND.CD,Middle East & North Africa,MEA,,,,,,51617139198.00,60481283899.00,74195207620.00,76053608477.00,77572936972.00,85447234513.00,84083553689.00,89023883421.00,97111990629.00,109000000000.00,111000000000.00,112000000000.00,117000000000.00,115000000000.00,122000000000.00,,1380000000000.00,Null
ST.INT.XPND.CD,Middle East & North Africa (excluding high income),MNA,,,,13828871175.00,15060587562.00,15149635307.00,16665671887.00,20944911892.00,24271668712.00,25304225678.00,29687531228.00,28445013572.00,26903952256.00,30702564639.00,32485773829.00,33726178623.00,35581693841.00,38179709327.00,35968285073.00,42475887863.00,,465000000000.00,Null
ST.INT.XPND.CD,Middle East & North Africa (IDA & IBRD countries),TMN,,,,13514402946.00,14722316749.00,14937012576.00,16466540617.00,20563114393.00,23809713956.00,24841152447.00,29185757798.00,27850436610.00,26254624231.00,30071941254.00,31973977785.00,33121108547.00,34963037871.00,37365133168.00,35139572487.00,41590616262.00,,456000000000.00,Null
ST.INT.XPND.CD,Middle income,MIC,98511475785.00,103000000000.00,110000000000.00,119000000000.00,144000000000.00,165000000000.00,187000000000.00,229000000000.00,270000000000.00,243000000000.00,292000000000.00,330000000000.00,364000000000.00,404000000000.00,418000000000.00,381000000000.00,371000000000.00,428000000000.00,458000000000.00,476000000000.00,,5590000000000.00,Null
ST.INT.XPND.CD,North America,NAC,90991874547.00,87558935564.00,84664993323.00,88642355190.00,102000000000.00,110000000000.00,119000000000.00,130000000000.00,138000000000.00,131000000000.00,146000000000.00,155000000000.00,164000000000.00,157000000000.00,167000000000.00,172000000000.00,175000000000.00,188000000000.00,210000000000.00,221000000000.00,,2840000000000.00,Null
ST.INT.XPND.CD,Not classified,INX,,,,,,,,,,,,,,,,,,,,,,0.00,Null
ST.INT.XPND.CD,OECD members,OED,383000000000.00,366000000000.00,378000000000.00,426000000000.00,488000000000.00,523000000000.00,540000000000.00,610000000000.00,660000000000.00,593000000000.00,635000000000.00,695000000000.00,696000000000.00,706000000000.00,734000000000.00,667000000000.00,687000000000.00,750000000000.00,816000000000.00,819000000000.00,,12200000000000.00,Null
ST.INT.XPND.CD,Other small states,OSS,,,,,,,,,,,,,,,,,,,,,,0.00,Null
ST.INT.XPND.CD,Pacific island small states,PSS,170206865.40,155388536.70,151061262.00,161475151.10,208685646.20,254056551.70,245978068.20,253533038.60,289983741.50,296365424.50,317338195.60,356097992.40,367789236.20,353647430.30,334545453.60,343726808.60,354170591.40,380107903.40,392453079.80,,,5386610977.00,Null
ST.INT.XPND.CD,Post-demographic dividend,PST,408000000000.00,392000000000.00,406000000000.00,455000000000.00,522000000000.00,556000000000.00,573000000000.00,645000000000.00,698000000000.00,633000000000.00,680000000000.00,749000000000.00,755000000000.00,767000000000.00,794000000000.00,722000000000.00,747000000000.00,815000000000.00,879000000000.00,888000000000.00,,13100000000000.00,Null
ST.INT.XPND.CD,Pre-demographic dividend,PRE,,,,,,5846620235.00,10733243870.00,15285519002.00,20847180001.00,15385554161.00,18265849657.00,20879159784.00,20716055735.00,23527665646.00,25905035224.00,27735614935.00,21759323963.00,27052614478.00,32880665576.00,40772702772.00,,328000000000.00,Null
ST.INT.XPND.CD,Small states,SST,,,,,,,,,,,,18031766459.00,21808298239.00,22809878158.00,24472596621.00,27683735405.00,28133098542.00,27312534538.00,26566855897.00,27947788358.00,,225000000000.00,Null
ST.INT.XPND.CD,South Asia,SAS,,,,,,,,,,,,,19014000000.00,19693000000.00,23538599998.00,24480000000.00,26375000000.00,30156000000.00,34077000000.00,36797000000.00,,214000000000.00,Null
ST.INT.XPND.CD,South Asia (IDA & IBRD),TSA,,,,,,,,,,,,,,,,,,,,,,0.00,Null
ST.INT.XPND.CD,Sub-Saharan Africa,SSF,,,,,,12802149277.00,18601954009.00,24482259033.00,31177583990.00,24557117278.00,29022018514.00,31979493588.00,29643916778.00,28820025419.00,29642186201.00,29452615659.00,22844780214.00,28337369623.00,34491411433.00,38074663904.00,,414000000000.00,Null
ST.INT.XPND.CD,Sub-Saharan Africa (excluding high income),SSA,,,,,,12738587257.00,18544755643.00,24407810130.00,31116242969.00,24502342304.00,28960934211.00,31917254550.00,29588811977.00,28760012694.00,29579044674.00,29401926000.00,22749442506.00,28230462733.00,34389991449.00,37965612630.00,,413000000000.00,Null
ST.INT.XPND.CD,Sub-Saharan Africa (IDA & IBRD countries),TSS,,,,,,12802149277.00,18601954009.00,24482259033.00,31177583990.00,24557117278.00,29022018514.00,31979493588.00,29643916778.00,28820025419.00,29642186201.00,29452615659.00,22844780214.00,28337369623.00,34491411433.00,38074663904.00,,414000000000.00,Null
ST.INT.XPND.CD,Upper middle income,UMC,,,,,,,,,,,,,,,,,,,,,,0.00,Null
ST.INT.XPND.CD,World,WLD,551000000000.00,538000000000.00,560000000000.00,615000000000.00,712000000000.00,772000000000.00,818000000000.00,940000000000.00,1030000000000.00,936000000000.00,1030000000000.00,1130000000000.00,1170000000000.00,1230000000000.00,1280000000000.00,1180000000000.00,1190000000000.00,1310000000000.00,1410000000000.00,1440000000000.00,,19900000000000.00,Null