Series Code,Country Name,Country Code,2000,2001,2002,2003,2004,2005,2006,2007,2008,2009,2010,2011,2012,2013,2014,2015,2016,2017,2018,2019,2020,total_departures_sum,continent
ST.INT.DPRT,Afghanistan,AFG,,,,,,,,,,,,,,,,,,,,,,0,Asia
ST.INT.DPRT,Albania,ALB,,955000,1303000,1350000,1694000,2097000,2616000,2979000,3716000,3404000,3443000,4120000,3959000,3928000,4146000,4504000,4852000,5186000,5415000,5922000,2907000,68496000,Europe
ST.INT.DPRT,Algeria,DZA,1006000,1190000,1257000,1254000,1417000,1513000,1349000,1499000,1539000,1677000,1757000,1715000,1911000,2136000,2839000,3638000,4530000,5058000,5610000,5732000,1386000,50013000,Africa
ST.INT.DPRT,American Samoa,ASM,,,,,,,,,,,,,,,,,,,,,,0,Null
ST.INT.DPRT,Andorra,AND,,,,,,,,,,,,,,,,,,,,,,0,Europe
ST.INT.DPRT,Angola,AGO,,,,,,,,,,,,,,,,,,,,,,0,Africa
ST.INT.DPRT,Antigua and Barbuda,ATG,,,,,,,,,,,,,,,,,,,,,,0,North America
ST.INT.DPRT,Argentina,ARG,,,,,4436000,4481000,4533000,4928000,5425000,5793000,6083000,7676000,8295000,9844000,10022000,13159000,18645000,21583000,18411000,15352000,,158666000,South America
ST.INT.DPRT,Armenia,ARM,111000,110000,131000,169000,221000,269000,329000,468000,516000,526000,563000,715000,965000,1083000,1198000,1187000,1263000,1482000,1623000,1868000,346000,15143000,Europe
ST.INT.DPRT,Aruba,ABW,,,,,,,,,,,,,,,,,,,,,,0,Null
ST.INT.DPRT,Australia,AUS,3498000,3443000,3461000,3388000,4369000,4756000,4941000,5462000,5808000,6276000,7103000,7788000,8212000,9052000,9480000,9810000,10390000,10932000,11403000,11624000,2832000,144028000,Oceania
ST.INT.DPRT,Austria,AUT,7528000,8350000,8266000,8384000,8371000,8206000,10042000,9876000,9677000,10121000,9882000,9874000,10960000,10671000,10994000,10628000,11534000,11491000,11043000,11902000,3964000,201764000,Europe
ST.INT.DPRT,Azerbaijan,AZE,1326000,1130000,1141000,1475000,1473000,1830000,1836000,1631000,2162000,2363000,3176000,3550000,3874000,4285000,4244000,4096000,4282000,4109000,4908000,5568000,1165000,59624000,Europe
ST.INT.DPRT,"Bahamas, The",BHS,,,,,,,,,,,,,,,,,,,,,,0,Null
ST.INT.DPRT,Bahrain,BHR,,,,,,,,,,,,,,,,4741000,3293000,3136000,2868000,2950000,,16988000,Asia
ST.INT.DPRT,Bangladesh,BGD,1128000,1075000,1158000,1414000,1565000,1767000,1819000,2327000,875000,2254000,1913000,2127000,2273000,1460000,,,,,,,,23155000,Asia
ST.INT.DPRT,Barbados,BRB,,,,,,,,,,,,,,,,,,,,,,0,North America
ST.INT.DPRT,Belarus,BLR,4747000,4008000,6160000,6518000,6924000,6596000,6811000,7512000,6323000,6440000,7464000,7542000,8427000,8841000,7236000,6972000,8340000,9209000,9326000,9221000,2810000,147427000,Europe
ST.INT.DPRT,Belgium,BEL,7932000,6570000,6773000,7268000,8783000,9327000,7852000,8371000,8887000,8775000,8801000,9727000,9576000,10803000,10991000,10835000,13372000,12142000,13098000,14191000,5850000,199924000,Europe
ST.INT.DPRT,Belize,BLZ,,,,,,,,,,,,,,,,,,,,,,0,North America
ST.INT.DPRT,Benin,BEN,,,,,,,,,,,,,,,,,,,,,,0,Africa
ST.INT.DPRT,Bermuda,BMU,,140000,145000,141000,156000,161000,170000,181000,192000,,,,,,,,,,,,,1286000,Null
ST.INT.DPRT,Bhutan,BTN,,,,,,,,,,,,,,,,,,,,72000,,72000,Asia
ST.INT.DPRT,Bolivia,BOL,201000,222000,217000,304000,346000,386000,472000,526000,589000,518000,604000,775000,788000,837000,932000,965000,940000,997000,1060000,1160000,432000,13271000,South America
ST.INT.DPRT,Bosnia and Herz.,BIH,,,,,,,,,,,,,,,,,,,,,,0,Europe
ST.INT.DPRT,Botswana,BWA,,,,,,,,,,,,,,,,,,,,,,0,Africa
ST.INT.DPRT,Brazil,BRA,3228000,2674000,2338000,3229000,2968000,3364000,3886000,4662000,5238000,4920000,6457000,7807000,8497000,8866000,9617000,9478000,8872000,10610000,10628000,,,117339000,South America
ST.INT.DPRT,British Virgin Islands,VGB,,,,,,,171000,166000,166000,140000,151000,145000,139000,,,,,,,,,1078000,Null
ST.INT.DPRT,Brunei,BRN,,,,,,,,,,,,,,,,,,,,,,0,Asia
ST.INT.DPRT,Bulgaria,BGR,2337000,2730000,3188000,3403000,3882000,4235000,4180000,4515000,5727000,4993000,3676000,3803000,3758000,3930000,4158000,4632000,5392000,6228000,6699000,7007000,3973000,92446000,Europe
ST.INT.DPRT,Burkina Faso,BFA,,,,,,,,,,,,,,,,,,,,,,0,Null
ST.INT.DPRT,Burundi,BDI,28000,35000,,,,,,,,,,,,,,,,,,,,63000,Africa
ST.INT.DPRT,Cabo Verde,CPV,,,,,,,,,,,,,,,,,,,,,,0,Null
ST.INT.DPRT,Cambodia,KHM,41000,37000,45000,60000,239000,568000,787000,996000,786000,340000,505000,710000,792000,872000,956000,1194000,1434000,1752000,1995000,2038000,326000,16473000,Asia
ST.INT.DPRT,Cameroon,CMR,,,,,,,,,,,,,,,,,,,,,,0,Africa
ST.INT.DPRT,Canada,CAN,,,,,,,46912000,50044000,51737000,47481000,53620000,61909000,65175000,65780000,63737000,55971000,52979000,54955000,38069000,37845898.44,,746214898.4,North America
ST.INT.DPRT,Cayman Islands,CYM,,,,,,,,,,,,,,,,,,,,,,0,Null
ST.INT.DPRT,Central African Republic,CAF,,,5000,6000,7000,8000,11000,,,,38000,,,,,,,,,,,75000,Africa
ST.INT.DPRT,Chad,TCD,,,,,,,,,58000,66000,39000,76000,79000,,,,56000,52000,,,5500,431500,Africa
ST.INT.DPRT,Channel Islands,CHI,,,,,,,,,,,,,,,,,,,,,,0,Null
ST.INT.DPRT,Chile,CHL,1528000,1340000,1444000,1509000,1727000,2031000,2264000,2451000,2317000,2359000,2737000,3220000,3448000,3674000,3842000,4103000,4269000,4367000,4605000,4091000,,57326000,South America
ST.INT.DPRT,China,CHN,10473000,12133000,16602000,20222000,28853000,31026000,34524000,40954000,45844000,47656000,57386000,70250000,83182000,98185000,116593000,127860000,135130000,143035000,149720000,154632000,20334000,1444594000,Asia
ST.INT.DPRT,Colombia,COL,1235000,1381000,1277000,1177000,1405000,1553000,,2028000,2042000,2122000,2342000,2522000,3169000,3605000,3911000,3862000,3795000,4017000,4368000,4479000,1275000,51565000,South America
ST.INT.DPRT,Comoros,COM,,,,,,,,,,,,,,,,,,,,,,0,Africa
ST.INT.DPRT,Dem. Rep. Congo,COD,,,,,,,,,,,,,,,,356000,424000,,,,,780000,Null
ST.INT.DPRT,Congo,COG,,,,,,,,,,,,,161000,180000,,,,,,,,341000,Africa
ST.INT.DPRT,Costa Rica,CRI,381000,361000,364000,373000,425000,487000,485000,577000,528000,579000,662000,717000,773000,790000,798000,919000,1036000,1150000,1079000,1153000,324000,13961000,North America
ST.INT.DPRT,Côte d'Ivoire,CIV,,,,,,,,,,,,,,,,,,,,,,0,Null
ST.INT.DPRT,Croatia,HRV,,,,,,,,,4393000,4823000,,5526000,5159000,5444000,4638000,4355000,2581000,2597000,2980000,3500000,678000,46674000,Europe
ST.INT.DPRT,Cuba,CUB,139000,121000,111000,113000,124000,162000,199000,194000,202000,206000,251000,253000,213000,286000,355000,580000,385000,459000,552000,650000,271000,5826000,North America
ST.INT.DPRT,Curacao,CUW,,,,,,,,,,,,,,,,,,,,,,0,Null
ST.INT.DPRT,Cyprus,CYP,588000,684000,744000,737000,859000,914000,932000,1081000,1210000,1172000,1246000,1209000,1194000,1115000,1209000,1119000,1268000,1407000,1446000,1578000,,21712000,Europe
ST.INT.DPRT,Czechia,CZE,,,,7213000,6643000,6963000,6393000,9048000,9665000,8904000,8673000,5279000,5419000,5781000,5651000,5856000,6027000,6775000,7390000,7346000,2399000,121425000,Europe
ST.INT.DPRT,Denmark,DNK,5011000,4946000,4935000,5564000,4630000,5469000,6129000,6564000,6347000,7037000,7726000,7846000,7843000,6977000,8528000,8991000,9651000,8087000,7475000,9088000,4230000,143074000,Europe
ST.INT.DPRT,Djibouti,DJI,,,,,,,,,,,,,,,,,,,,,,0,Africa
ST.INT.DPRT,Dominica,DMA,,,,,,,,,,,,,,,,,,,,,,0,North America
ST.INT.DPRT,Dominican Rep.,DOM,360000,331000,332000,321000,368000,419000,420000,443000,413000,415000,401000,408000,418000,392000,427000,478000,500000,522000,514000,532000,210000,8624000,Null
ST.INT.DPRT,Ecuador,ECU,520000,562000,627000,613000,603000,664000,733000,801000,815000,814000,899000,1022000,1022000,1138000,1096000,1221000,1366000,1347000,1402000,1515000,,18780000,South America
ST.INT.DPRT,Egypt,EGY,,,,,,,,,,4716000,4618000,4863000,5678000,5782000,6180000,,,,,,,31837000,Africa
ST.INT.DPRT,El Salvador,SLV,923000,933000,1001000,940000,1079000,1239000,1242000,1012000,,1345000,1421000,1469000,1462000,1515000,1515000,1618000,1804000,1871000,1788000,1899000,515000,26591000,North America
ST.INT.DPRT,Equatorial Guinea,GNQ,,,,,,,,,,,,,,,,,,,,,,0,Africa
ST.INT.DPRT,Eritrea,ERI,,,,,,,,,,,,,,,,,,,,,,0,Africa
ST.INT.DPRT,Estonia,EST,1800000,1658000,1849000,2075000,,,438000,677000,692000,752000,955000,1054000,1147000,1166000,1426000,1250000,1339000,1279000,2069000,1702000,558000,23886000,Europe
ST.INT.DPRT,Eswatini,SWZ,,,,,,1082000,1072000,1130000,1177000,1245000,1141000,1264000,1403000,1573000,1657000,1713000,1789000,1751000,1717000,1721000,488000,21923000,Null
ST.INT.DPRT,Ethiopia,ETH,,,,,,,,,,,,,,,,,,,,,,0,Africa
ST.INT.DPRT,Faroe Islands,FRO,,,,,,,,,,,,,,,,,,,,,,0,Null
ST.INT.DPRT,Fiji,FJI,83000,85000,99000,104000,94000,109000,121000,120000,124000,125000,128000,132000,132000,,,,156000,169000,174000,174000,,2129000,Oceania
ST.INT.DPRT,Finland,FIN,,,,,,6668000,6428000,6413000,6566000,6693000,7485000,8238000,9978000,9526000,9783000,10022000,10278000,10480000,10480000,10440000,2690000,132168000,Europe
ST.INT.DPRT,France,FRA,,,,,,,27107000,33144000,30960000,30646000,29973000,31153000,29642000,30457000,31941000,30608000,29636000,44265000,48069000,49276000,21287000,498164000,Europe
ST.INT.DPRT,French Polynesia,PYF,,,,,,,,,,88000,89000,84000,83000,,48000,55000,48000,55000,47000,63000,12000,672000,Null
ST.INT.DPRT,Gabon,GAB,168000,189000,219000,236000,,,,,,,,,,,,,,,,,,812000,Africa
ST.INT.DPRT,Gambia,GMB,,,,,,387000,307000,,,,,,,,,,,,,,,694000,Africa
ST.INT.DPRT,Georgia,GEO,315000,306000,317000,,466000,857000,1346000,1473000,1872000,1980000,2086000,2237000,2734000,3220000,3106000,3136000,3400000,3851000,3698000,3780000,,40180000,Europe
ST.INT.DPRT,Germany,DEU,80507000,81551000,80393000,85345000,84859000,86622000,81801000,82099000,86201000,85547000,85872000,84692000,82729000,87459000,83008000,83737000,90966000,92402000,108542000,99533000,,1733865000,Europe
ST.INT.DPRT,Ghana,GHA,,,,,,,,,,,,,,,,,,,,,,0,Africa
ST.INT.DPRT,Gibraltar,GIB,,,,,,,,,,,,,,,,,,,,,,0,Null
ST.INT.DPRT,Greece,GRC,,,,,,,,,3765000,3835000,3799000,4941000,4681000,4594000,5802000,6291000,7235000,7685000,7961000,7848000,2324000,70761000,Europe
ST.INT.DPRT,Greenland,GRL,,,,,,,,,,,,,,,,,,,,,,0,Null
ST.INT.DPRT,Grenada,GRD,,,,,,,,,,,,,,,,,,,,,,0,North America
ST.INT.DPRT,Guam,GUM,,,,,,,,,,,,,,,,,,,,,,0,Null
ST.INT.DPRT,Guatemala,GTM,488000,580000,629000,658000,854000,982000,1055000,1168000,1277000,651000,694000,718000,721000,846000,992000,1130000,1195000,1328000,1538000,1703000,507799.99,19714799.99,North America
ST.INT.DPRT,Guinea,GIN,,,,,,,,,,,,,,,,,,,,,,0,Africa
ST.INT.DPRT,Guinea-Bissau,GNB,,,,,,,,,,,,,,,,,,,,,,0,Africa
ST.INT.DPRT,Guyana,GUY,,,,,,,,,,,,,,,,,,,,,,0,South America
ST.INT.DPRT,Haiti,HTI,,,,,,,,,,,,,,,,,,,,,,0,North America
ST.INT.DPRT,Honduras,HND,,,,,,,,,,,1090000,1092000,1072000,1055000,1065000,1150000,1121000,727000,703000,,,9075000,North America
ST.INT.DPRT,"Hong Kong SAR, China",HKG,58901000,61096000,64540000,60936000,68903000,72300000,75812000,80682000,81911000,81958000,84442000,84816000,85276000,84414000,84519000,89082000,91758000,91304000,92214000,94715000,8261000,1597840000,Null
ST.INT.DPRT,Hungary,HUN,11065000,11167000,12966000,14283000,17558000,17759000,16597000,17056000,17162000,16640000,16082000,16634000,16143000,16038000,16340000,17276000,18895000,20297000,22805000,24860000,12727000,350350000,Europe
ST.INT.DPRT,Iceland,ISL,283000,,,,,364000,440000,460000,414000,259000,299000,341000,358000,365000,400000,450000,536000,619000,668000,611000,130000,6997000,Europe
ST.INT.DPRT,India,IND,4416000,4564000,4940000,5351000,6213000,7185000,8340000,9783000,10868000,11067000,12988000,13994000,14920000,16626000,18330000,20376000,21872000,23943000,26296000,26915000,,268987000,Asia
ST.INT.DPRT,Indonesia,IDN,2205000,2505000,3231000,3478000,3941000,4106000,4967000,5158000,5486000,5053000,6235000,6750000,7454000,8025000,8074000,8176000,8340000,8856000,9468000,11689000,2918000,126115000,Asia
ST.INT.DPRT,Iran,IRN,,,,,,,,,,,,,,,7698000,6620000,9007000,10543000,7243000,,1550000,42661000,Asia
ST.INT.DPRT,Iraq,IRQ,,,,,,,,,,,,,,,,,,,,,,0,Asia
ST.INT.DPRT,Ireland,IRL,3783000,4216000,4634000,4929000,5409000,6113000,6848000,7713000,7877000,7047000,6917000,6514000,6600000,6579000,6676000,7094000,7646000,8171000,8643000,9350000,2326000,135085000,Europe
ST.INT.DPRT,Isle of Man,IMN,,,,,,,,,,,,,,,,,,,,,,0,Null
ST.INT.DPRT,Israel,ISR,3530000,3561000,3273000,3299000,3614000,3687000,3713000,4147000,4207000,4007000,4269000,4387000,4349000,4757000,5181000,5891000,6781000,7597000,8473000,9179000,,97902000,Asia
ST.INT.DPRT,Italy,ITA,44628000,43611000,44660000,46357000,40400000,43407000,46369000,49166000,54421000,54839000,55304000,52617000,53338000,52633000,55169000,57418000,57480000,60042000,61194601.56,62207000,21448000,1056708602,Europe
ST.INT.DPRT,Jamaica,JAM,,,,,,,,,,,,,,,,,,,,,,0,North America
ST.INT.DPRT,Japan,JPN,17819000,16216000,16523000,13296000,16831000,17404000,17535000,17295000,15987000,15446000,16637000,16994000,18491000,17473000,16903000,16214000,17116000,17889000,18954000,20081000,3174000,344278000,Asia
ST.INT.DPRT,Jordan,JOR,1625000,1755000,1276000,1229000,1420000,1523000,2139000,2094000,1972000,2054000,2708000,1931000,1567000,1498000,1230000,,1511000,1592000,1501000,1537000,406000,32568000,Asia
ST.INT.DPRT,Kazakhstan,KAZ,,,,,,,3688000,4544000,4330000,5423000,6019000,8020000,9066000,10144000,10450000,11303000,9756000,10261000,10646000,10707000,2865000,117222000,Asia
ST.INT.DPRT,Kenya,KEN,,,,,,,,,,,,,,,,,,,,,,0,Africa
ST.INT.DPRT,Kiribati,KIR,,,,,,,,,,,,,,,,,,,,,,0,Oceania
ST.INT.DPRT,North Korea,PRK,,,,,,,,,,,,,,,,,,,,,,0,Asia
ST.INT.DPRT,South Korea,KOR,5508000,6084000,7123000,7086000,8826000,10080000,11610000,13325000,11996000,9494000,12488000,12694000,13737000,14846000,16081000,19310000,22383000,26496000,28696000,28714000,4276000,290853000,Asia
ST.INT.DPRT,Kosovo,XKX,,,,,,,,,,,,,,,,,,,,,,0,Null
ST.INT.DPRT,Kuwait,KWT,1236000,1666000,1725000,1774000,1928000,2173000,2529000,2649000,,,,,,,,,,,,,,15680000,Asia
ST.INT.DPRT,Kyrgyzstan,KGZ,,,,,,,,,2273000,2354000,1342000,3061000,3621000,3993000,3790000,4008000,4185000,4446000,6839000,5314000,,45226000,Asia
ST.INT.DPRT,Laos,LAO,,,,,,,,,,,1686000,1788000,2052000,2857000,3320000,3067000,3059000,3049000,3207000,2690000,707000,27482000,Asia
ST.INT.DPRT,Latvia,LVA,2596000,2697000,2306000,2286000,2457000,2959000,3151000,3398000,3782000,3268000,3332000,3257000,1830000,1776000,1846000,1720000,1939000,2055000,2175000,2384000,690000,51904000,Europe
ST.INT.DPRT,Lebanon,LBN,,,,,,,,,,,,,,,,,,,,,,0,Asia
ST.INT.DPRT,Lesotho,LSO,,,,,,,,,,,,,,,,,,,,,,0,Africa
ST.INT.DPRT,Liberia,LBR,,,,,,,,,,,,,,,,,,,,,,0,Africa
ST.INT.DPRT,Libya,LBY,,,,,,,,,,,,,,,,,,,,,,0,Africa
ST.INT.DPRT,Liechtenstein,LIE,,,,,,,,,,,,,,,,,,,,,,0,Europe
ST.INT.DPRT,Lithuania,LTU,,,,,,,4362000,3627000,3847000,3639000,4311000,4020000,4108000,4228000,4292000,3981000,4143000,4294000,4702000,4881000,1643000,60078000,Europe
ST.INT.DPRT,Luxembourg,LUX,950000,923000,1049000,1021000,1100000,1185000,1084000,1132000,1190000,1362000,1237000,1643000,1580000,1624000,1815000,1702000,1588000,2346000,2510000,2548000,1460000,31049000,Europe
ST.INT.DPRT,"Macao SAR, China",MAC,,,,,,629000,645000,599000,606000,671000,753000,908000,1291000,1446000,1537000,1466000,1251000,1391000,1780000,1765000,125000,16863000,Null
ST.INT.DPRT,Madagascar,MDG,,,,,,,,,,,,,,,,,,,,,,0,Africa
ST.INT.DPRT,Malawi,MWI,,,,,,,,,,,,,,,,,,,,,,0,Africa
ST.INT.DPRT,Malaysia,MYS,30532000,36248000,29866000,32201000,30761000,,,,,,,,,,,,,,,,,159608000,Asia
ST.INT.DPRT,Maldives,MDV,42000,41000,43000,44000,61000,77000,74000,102000,123000,,,,,,,,,,,,,607000,Asia
ST.INT.DPRT,Mali,MLI,,,,,,,,,,,,,,,,,,,,,,0,Africa
ST.INT.DPRT,Malta,MLT,,,,,,,,,292000,292000,328000,348000,368000,404000,430000,456000,550000,633000,728000,774000,218000,5821000,Europe
ST.INT.DPRT,Marshall Islands,MHL,,,,,,,,,,,,,,,,,,,,,,0,Oceania
ST.INT.DPRT,Mauritania,MRT,,,,,,,,,,,,,,,,,,,,,,0,Africa
ST.INT.DPRT,Mauritius,MUS,163000,161000,162000,161000,180000,183000,186000,213000,226000,196000,212000,219000,237000,228000,223000,242000,260000,283000,296000,320000,65000,4416000,Africa
ST.INT.DPRT,Mexico,MEX,127268000,123732000,124633000,123015000,128903000,128392000,122022000,109540000,107519000,98228000,91658000,88113000,87332000,90787000,90982000,94988000,97372000,94274000,86280000,82752000,36056000,2133846000,North America
ST.INT.DPRT,"Micronesia, Fed. Sts.",FSM,,,,,,,,,,,,,,,,,,,,,,0,Null
ST.INT.DPRT,Moldova,MDA,,,,,,,,,,93300,117200,136100.01,146800,157600.01,180600.01,189800,177000,229000,264000,311000,75000,2077400.02,Europe
ST.INT.DPRT,Monaco,MCO,,,,,,,,,,,,,,,,,,,,,,0,Europe
ST.INT.DPRT,Mongolia,MNG,,,,,,,,,,,,,,,,,,,,,,0,Asia
ST.INT.DPRT,Montenegro,MNE,,,,,,,,,,,,,,,,,,,,,,0,Europe
ST.INT.DPRT,Morocco,MAR,1508000,1701000,1533000,1612000,1603000,2247000,2135000,2669000,3421000,2293000,2175000,2378000,2323000,2195000,1850000,1910000,1864000,1849000,1923000,2009000,646000,41844000,Africa
ST.INT.DPRT,Mozambique,MOZ,,,,,,,,,,,,,,,,,,,,,,0,Africa
ST.INT.DPRT,Myanmar,MMR,,,,,,,,,,,,,,,,,,,,,,0,Asia
ST.INT.DPRT,Namibia,NAM,,,,,,,,,,,,,,,,,,,,,,0,Africa
ST.INT.DPRT,Nauru,NRU,,,,,,,,,,,,,,,,,,,,,,0,Oceania
ST.INT.DPRT,Nepal,NPL,155000,200000,238000,258000,286000,373000,415000,469000,561000,589000,765000,774000,862000,983000,,,,1197000,,,,8125000,Asia
ST.INT.DPRT,Netherlands,NLD,13896000,14214000,16719000,16425000,17130000,17039000,16695000,17523000,18399000,18340000,18368000,18560000,18628000,18094000,17928000,17535000,18152000,20763000,20981000,22045000,,357434000,Europe
ST.INT.DPRT,New Caledonia,NCL,69000,68000,72000,78000,89000,96000,100000,106000,112000,119000,132000,124000,121000,121000,124000,127000,134000,135000,139000,144000,48000,2258000,Null
ST.INT.DPRT,New Zealand,NZL,1283000,1287000,1293000,1374000,1733000,1872000,1861000,1978000,1967000,1918000,2026000,2096000,2172000,2197000,2276000,2412000,2611000,2853000,3038000,3225000,511000,41983000,Oceania
ST.INT.DPRT,Nicaragua,NIC,486000,499000,532000,562000,701000,740000,773000,949000,942000,858000,908000,912000,979000,994000,959000,925000,981000,982000,974000,949000,325000,16930000,North America
ST.INT.DPRT,Niger,NER,,,,,,,,,,,,,,,,,,,,,,0,Africa
ST.INT.DPRT,Nigeria,NGA,,,,,,,,,,,,,,,,,,,,,,0,Africa
ST.INT.DPRT,North Macedonia,MKD,,,,,,,,,,,,,,,,,,,,,,0,Null
ST.INT.DPRT,Northern Mariana Islands,MNP,,,,,,,,,,,,,,,,,,,,,,0,Null
ST.INT.DPRT,Norway,NOR,2394000,2348000,2629000,2588000,2960000,3166000,3236000,3395000,,6640000,7590000,8130000,9250000,9280000,9190000,8750000,8030000,8170000,8110000,8890000,1690000,116436000,Europe
ST.INT.DPRT,Oman,OMN,,,,,,2496000,2664000,2945000,3100000,2470000,2829000,3341000,3972000,4301000,4727000,5424000,5902000,6368000,5975000,6633000,1657000,64804000,Asia
ST.INT.DPRT,Pakistan,PAK,,,,,,,,,,,,,,,,,,,,,,0,Asia
ST.INT.DPRT,Palau,PLW,,,,,,,,,,,,,,,,,,,,,,0,Oceania
ST.INT.DPRT,Panama,PAN,216000,200000,200000,227000,256000,285000,284000,314000,369000,336000,392000,414000,447000,619000,853000,965000,1051000,869000,1020000,1226000,401000,10944000,North America
ST.INT.DPRT,Papua New Guinea,PNG,52000,38000,92000,,,,,,,,,,,,,,,,,,,182000,Oceania
ST.INT.DPRT,Paraguay,PRY,175000,157000,141000,153000,170000,188000,210000,242000,278000,288000,302000,347000,400000,440000,426000,1008000,1503000,1548000,1266000,1192000,214000,10648000,South America
ST.INT.DPRT,Peru,PER,730000,1060000,1232000,1433000,1635000,1841000,1857000,1915000,1913000,1891000,2058000,2132000,2296000,2364000,2442000,2595000,2751000,2875000,3078000,3275000,791000,42164000,South America
ST.INT.DPRT,Philippines,PHL,1670000,1787000,1969000,1803000,1920000,2144000,2745000,3066000,3355000,3188000,,,,,3488000,5115000,5703000,,,,1483000,39436000,Asia
ST.INT.DPRT,Poland,POL,56677000,53122000,45043000,38730000,37226000,40841000,44696000,47561000,50243000,39270000,42760000,43270000,48290000,52580000,35400000,44300000,44500000,46700000,48600000,50600000,,910409000,Europe
ST.INT.DPRT,Portugal,PRT,,,,,,,,,,,,,1361000,1490000,1502000,1893000,1941000,2195000,2486000,3100000,680000,16648000,Europe
ST.INT.DPRT,Puerto Rico,PRI,1259000,1331000,1227000,1272000,1361000,1410000,1468000,1441000,1438000,1116000,980000,924000,876000,839000,793000,746000,789000,792000,,,,20062000,Null
ST.INT.DPRT,Qatar,QAT,,,,,,,,,,,,,,,,,,,,,,0,Asia
ST.INT.DPRT,Romania,ROU,6388000,6408000,5757000,6497000,6972000,7140000,8906000,10980000,13072000,11723000,10905000,10936000,11149000,11364000,12299000,13118000,16128000,19953000,21039000,23066000,9510000,243310000,Europe
ST.INT.DPRT,Russia,RUS,18371000,18030000,20428000,20572000,24507000,28416000,29107000,34285000,36538000,34276000,39323000,43726000,47813000,54069000,45889000,34550000,31659000,39629000,41964000,45330000,12361000,700843000,Asia
ST.INT.DPRT,Rwanda,RWA,,,,,,,,,,,,,,,,,,,,,,0,Africa
ST.INT.DPRT,Samoa,WSM,61000,56000,53000,51000,54000,52000,51000,52000,53000,43000,56000,57000,56000,51000,57000,54000,,55000,64000,69000,18500,1063500,Oceania
ST.INT.DPRT,San Marino,SMR,,,,,,,,,,,,,,,,,,,,,,0,Europe
ST.INT.DPRT,Sao Tome and Principe,STP,,,,,,,,8600,10300,,,,,,,,,,,,,18900,Africa
ST.INT.DPRT,Saudi Arabia,SAU,,,,,4234000,5009000,2336000,4817000,4705000,6467000,18625000,15865399.41,20084259.77,22535457.03,22322601.56,25054000,27618000,28748000,27425000,27196000,,263041717.8,Asia
ST.INT.DPRT,Senegal,SEN,,,,,,,,,,,,,,,,,,,,,,0,Africa
ST.INT.DPRT,Serbia,SRB,,,,,,,,,,,,,,,,,,,,,,0,Europe
ST.INT.DPRT,Seychelles,SYC,36000,41000,53000,50000,48000,52000,55000,58000,54000,49000,59000,48000,45000,47000,50000,56000,68000,74000,72000,76000,19000,1110000,Africa
ST.INT.DPRT,Sierra Leone,SLE,13000,20000,27000,13000,28000,63000,67000,71000,73000,72000,76000,99000,104000,111000,93000,61000,92000,110000,112000,122000,,1427000,Africa
ST.INT.DPRT,Singapore,SGP,4444000,4363000,4399000,4221000,5165000,5159000,5533000,6024000,6828000,6961000,7342000,7753000,8048000,8647000,8903000,9125000,9474000,9889000,10378000,10711000,1543000,144910000,Asia
ST.INT.DPRT,Sint Maarten (Dutch part),SXM,,,,,,,,,,,,,,,,,,,,,,0,Null
ST.INT.DPRT,Slovakia,SVK,,,,,,2987000,3149000,3603000,3683000,3230000,2692000,3285000,2689000,2129000,2406000,2777000,3095000,3870000,4662000,5214000,,49471000,Europe
ST.INT.DPRT,Slovenia,SVN,,,,,,6736000,6814000,5569000,5490000,5575000,5340000,5073000,4465000,4440000,4672000,4909000,5408000,5410000,5409000,6049000,1892000,83251000,Europe
ST.INT.DPRT,Solomon Islands,SLB,,,,,,,,,,,,,,,,,,,,,,0,Oceania
ST.INT.DPRT,Somalia,SOM,,,,,,,,,,,,,,,,,,,,,,0,Africa
ST.INT.DPRT,South Africa,ZAF,,,,,,,,,,,,,,,,,,,,,,0,Africa
ST.INT.DPRT,South Sudan,SSD,,,,,,,,,,,,,,,,,,,,,,0,Africa
ST.INT.DPRT,Spain,ESP,,,,,,,,12709000,13042000,13754000,14254000,15944000,14916000,13434000,13952000,17625000,18277000,20274000,22287000,22816000,6236000,219520000,Europe
ST.INT.DPRT,Sri Lanka,LKA,524000,505000,533000,561000,680000,727000,757000,862000,966000,963000,1122000,1239000,1269000,1262000,1311000,1356000,1448000,1439000,1476000,1441000,305000,20746000,Asia
ST.INT.DPRT,St. Kitts and Nevis,KNA,,,,,,,,,,,,,,,,,,,,,,0,Null
ST.INT.DPRT,St. Lucia,LCA,,,,,,,,,,,,,,,,,,,,,,0,Null
ST.INT.DPRT,St. Martin (French part),MAF,,,,,,,,,,,,,,,,,,,,,,0,Null
ST.INT.DPRT,St. Vincent and the Grenadines,VCT,,,,,,,,,,,,,,,,,,,,,,0,Null
ST.INT.DPRT,Sudan,SDN,,,,,,,,,,,,,,,,,,,,,,0,Africa
ST.INT.DPRT,Suriname,SUR,,,,,,,,,,,,,,,,,,,,,,0,South America
ST.INT.DPRT,Sweden,SWE,,,,,,,,,,,,,,,,,,22121000,19939000,19061000,6081000,67202000,Europe
ST.INT.DPRT,Switzerland,CHE,,,,17548000,,,,,17407000,16522000,15902000,18949000,20293000,20303000,19833000,22086000,21536000,22481000,24572000,19797000,,257229000,Europe
ST.INT.DPRT,Syria,SYR,3863000,3492000,3299000,3997000,4309000,4564000,4042000,4196000,5253000,5215000,6259000,,,,,,,,,,,48489000,Asia
ST.INT.DPRT,Tajikistan,TJK,6400,2700,,,,,,,,,,,15000,15000,19000,16000,22000,31000,31000,,,158100,Asia
ST.INT.DPRT,Tanzania,TZA,,,,,,,,,,,,,,,,,,,,,,0,Africa
ST.INT.DPRT,Thailand,THA,1909000,2011000,2250000,2152000,2709000,3047000,3382000,4018000,3908000,4653000,5451000,5397000,5721000,5970000,6444000,6794000,8204000,8963000,9966000,10446000,,103395000,Asia
ST.INT.DPRT,Timor-Leste,TLS,,,,,,,,,,,,,,,,,,,,,,0,Null
ST.INT.DPRT,Togo,TGO,,,,,,,,,,,,,,,,,191000,216000,236000,269000,,912000,Africa
ST.INT.DPRT,Tonga,TON,,,,,,,,,,,,,,,,,,,,,,0,Oceania
ST.INT.DPRT,Trinidad and Tobago,TTO,,,,,,,,,,270000,273000,,,,,,,,,,,543000,North America
ST.INT.DPRT,Tunisia,TUN,1632000,1669000,1939000,2274000,2312000,2241000,2302000,2743000,3118000,2623000,2250000,2303000,2897000,2873000,2637000,,1830000,,2515000,2781000,739000,43678000,Africa
ST.INT.DPRT,Turkey,TUR,5284000,4856000,5131000,5928000,7299000,8246000,8275000,4956000,4893000,5561000,6557000,6282000,5803000,7526000,7982000,8751000,7892000,8887000,8383000,9651000,2243000,140386000,Asia
ST.INT.DPRT,Turkmenistan,TKM,78000,111000,79000,34000,32000,33000,33000,38000,,,,,,,,,,,,,,438000,Asia
ST.INT.DPRT,Turks and Caicos Islands,TCA,,,,,,,,,,,,,,,,,,,,,,0,Null
ST.INT.DPRT,Tuvalu,TUV,2900,2800,2700,2600,2300,2200,2000,2400,,,,2100,,,,,,,,,,22000,Oceania
ST.INT.DPRT,Uganda,UGA,153000,152000,184000,189000,231000,189000,254000,272000,337000,311000,324000,367000,469000,471000,511000,523000,568000,,,,,5505000,Africa
ST.INT.DPRT,Ukraine,UKR,,,,,,,,17866000,16100000,15961000,17741000,20335000,21755000,23988000,22637000,23336000,25226000,27067000,27977000,29346000,11251000,300586000,Europe
ST.INT.DPRT,United Arab Emirates,ARE,,,,,,,,,,,,,,,,17890000,18728000,18866000,18967000,18906000,6458000,99815000,Asia
ST.INT.DPRT,United Kingdom,GBR,56837000,58281000,59377000,61424000,64194000,66494000,69536000,69450000,69011000,63513000,64647000,67493000,66858000,68959000,72204000,77619000,81757000,87242000,90571000,93086000,23827000,1432380000,Europe
ST.INT.DPRT,United States of America,USA,87973000,84755000,80883000,75880000,79655000,79215000,148511000,140364000,136148000,129954000,121574000,114089000,116329000,118968000,121699000,130364000,141526000,148045000,158445406.3,170930093.8,60549898.44,2445857398,North America
ST.INT.DPRT,Uruguay,URY,667000,531000,530000,495000,569000,658000,666000,635000,734000,826000,1027000,1534000,1816000,2281000,2396000,2217000,1715000,1789000,1947000,2199000,,25232000,South America
ST.INT.DPRT,Uzbekistan,UZB,217000,183000,264000,400000,455000,572000,893000,1248000,1150000,1317000,1610000,,,3117000,2786000,3491000,3848000,5182000,8594000,8437000,,43764000,Asia
ST.INT.DPRT,Vanuatu,VUT,12000,11000,11000,12000,13000,14000,15000,16000,19000,20000,21000,22000,23000,26000,26000,27000,20300,26300,28400,36400,9400,408800,Oceania
ST.INT.DPRT,Venezuela,VEN,954000,933000,881000,832000,816000,1067000,1095000,1410000,1745000,1651000,1477000,1719000,1734000,1931000,1589000,1539000,1530000,1079000,,,,23982000,South America
ST.INT.DPRT,Vietnam,VNM,,,,,,,,,,,,,,,,,,,,,,0,Asia
ST.INT.DPRT,Virgin Islands (U.S.),VIR,,,,,,,,,,,,,,,,,,,,,,0,Null
ST.INT.DPRT,West Bank and Gaza,PSE,,,,,,,,,,,,,,,,,,,,,,0,Null
ST.INT.DPRT,Yemen,YEM,,,,,,,,,,,,,,,,,,,,,,0,Asia
ST.INT.DPRT,Zambia,ZMB,,,,,,,,,,,,,,,,,,,,,,0,Africa
ST.INT.DPRT,Zimbabwe,ZWE,,,,386000,498000,474000,541000,547000,593000,631000,650000,693000,720000,2946000,3182000,3393000,3192000,2768000,2288000,3275000,,26777000,Africa