Series Code,Country Name,Country Code,2000,2001,2002,2003,2004,2005,2006,2007,2008,2009,2010,2011,2012,2013,2014,2015,2016,2017,2018,2019,2020,total_arrivals_sum,continent
ST.INT.ARVL,Afghanistan,AFG,,,,,,,,,,,,,,,,,,,,,,,Asia
ST.INT.ARVL,Albania,ALB,317000,354000,470000,557000,645000,748000,937000,1127000,1420000,1856000,2417000,2932000,3514000,3256000,3673000,4131000,4736000,5118000,5927000,6406000,2658000,53199000,Europe
ST.INT.ARVL,Algeria,DZA,866000,901000,988000,1166000,1234000,1443000,1638000,1743000,1772000,1912000,2070000,2395000,2634000,2733000,2301000,1710000,2039000,2451000,2657000,2371000,591000,37615000,Africa
ST.INT.ARVL,American Samoa,ASM,44000,36000,,,,24500,25300,24100,24300,23500,23100,22600,22600,20800,21600,20300,20100,20000,20200,19200,900,413100,Null
ST.INT.ARVL,Andorra,AND,10991000,11351000,11507000,11601000,11668000,11049000,10737000,10743000,10194000,9112000,8551000,7983000,7900000,7676000,7797000,7850000,8025000,8152000,8328000,8235000,5207000,194657000,Europe
ST.INT.ARVL,Angola,AGO,51000,67000,91000,107000,194000,210000,121000,195000,294000,366000,425000,481000,528000,650000,595000,592000,397000,261000,218000,218000,,6061000,Africa
ST.INT.ARVL,Antigua and Barbuda,ATG,634000,624000,528000,623000,769000,712000,838000,935000,863000,944000,788000,848000,819000,777000,771000,894000,874000,1040000,1064000,1035000,384500,16764500,North America
ST.INT.ARVL,Argentina,ARG,2909000,2620000,2820000,2995000,3457000,3823000,4173000,4562000,4700000,4308000,6800000,6703000,6497000,6510000,7165000,6816000,6668000,6711000,6942000,7399000,,104578000,South America
ST.INT.ARVL,Armenia,ARM,45000,123000,162000,206000,263000,319000,382000,511000,558000,575000,684000,758000,963000,1084000,1204000,1192000,1260000,1495000,1652000,1894000,375000,15705000,Europe
ST.INT.ARVL,Aruba,ABW,1211000,1178000,1225000,1184000,1304000,1286000,1285000,1254000,1383000,1420000,1394000,1469000,1481000,1667000,1739000,1832000,1758000,1863000,1897000,1951000,,29781000,Null
ST.INT.ARVL,Australia,AUS,4931000,4856000,4841000,4746000,5215000,5499000,5532000,5644000,5586000,5490000,5790000,5771000,6032000,6482000,6922000,7449000,8269000,8815000,9246000,9466000,1828000,128410000,Oceania
ST.INT.ARVL,Austria,AUT,17982000,18180000,18611000,19078000,19374000,19952000,20269000,20773000,21935000,21355000,22004000,23012000,24151000,24813000,25291000,26728000,28121000,29460000,30816000,31884000,15091000,478880000,Europe
ST.INT.ARVL,Azerbaijan,AZE,681000,767000,834000,1038000,1279000,1177000,1194000,1333000,1899000,1830000,1963000,2239000,2484000,2509000,2298000,2006000,2249000,2697000,2850000,3170000,796000,37293000,Europe
ST.INT.ARVL,"Bahamas, The",BHS,4204000,4183000,4406000,4594000,5004000,4779000,4731000,4601000,4394000,4645000,5255000,5588000,5940000,6151000,6320000,6112000,6265000,6136000,6622000,7250000,1794500,108974500,Null
ST.INT.ARVL,Bahrain,BHR,3869000,4388000,4831000,4844000,5667000,6313000,7289000,7833000,8631000,8861000,11952000,6732000,8062000,9163000,10452000,9670000,10158000,11374000,12045000,11061000,1909000,165104000,Asia
ST.INT.ARVL,Bangladesh,BGD,199000,207000,207000,245000,271000,208000,200000,289000,467000,267000,139000,157000,160000,104000,134000,126000,182000,237000,267000,323000,,4389000,Asia
ST.INT.ARVL,Barbados,BRB,1078000,1035000,1021000,1090000,1273000,1111000,1102000,1191000,1165000,1154000,1197000,1187000,1053000,1079000,1079000,1179000,1227000,1345000,1356000,966000,,22888000,North America
ST.INT.ARVL,Belarus,BLR,2030000,1852000,1907000,1729000,1816000,4738000,5276000,5283000,5262000,4872000,5674000,5877000,6130000,6242000,5375000,4386000,10935000,11060000,11502000,11832000,3598000,117376000,Europe
ST.INT.ARVL,Belgium,BEL,6457000,6452000,6720000,6690000,6710000,6747000,6995000,7045000,7165000,6815000,7186000,7494000,7560000,7684000,7887000,8355000,7481000,8385000,9119000,9343000,2584000,150874000,Europe
ST.INT.ARVL,Belize,BLZ,374000,385000,694000,999000,1329000,1037000,903000,880000,846000,941000,1054000,1106000,1028000,1022000,1289000,1299000,1391000,1441000,1697000,1674000,487000,21876000,North America
ST.INT.ARVL,Benin,BEN,1068000,1155000,853000,850000,845000,960000,975000,1010000,1027000,,,222000,232000,252000,265000,279000,292000,307000,322000,337000,,11251000,Africa
ST.INT.ARVL,Bermuda,BMU,539000,458000,484000,483000,478000,517000,635000,660000,550000,554000,580000,652000,610000,576000,580000,597000,642000,688000,766000,805000,51400,11905400,Null
ST.INT.ARVL,Bhutan,BTN,7600,6400,5600,6300,9200,13600,17300,21000,28000,23000,41000,66000,105000,116000,133000,155000,210000,255000,274000,316000,29800,1838800,Asia
ST.INT.ARVL,Bolivia,BOL,319000,316000,334000,427000,480000,524000,521000,573000,594000,599000,679000,711000,798000,798000,871000,882000,961000,1109000,1142000,1239000,323299.99,14200299.99,South America
ST.INT.ARVL,Bosnia and Herz.,BIH,171000,139000,160000,165000,190000,217000,256000,306000,322000,311000,365000,392000,439000,529000,536000,678000,778000,923000,1053000,1198000,197000,9325000,Europe
ST.INT.ARVL,Botswana,BWA,1306000,1451000,1485000,1592000,1727000,1684000,1642000,1965000,2344000,,,,,,,1660000,1712000,1775000,1830000,,,22173000,Africa
ST.INT.ARVL,Brazil,BRA,5313000,4773000,3785000,4133000,4794000,5358000,5017000,5026000,5050000,4802000,5161000,5433000,5677000,5813000,6430000,6306000,6547000,6589000,6621000,6353000,,108981000,South America
ST.INT.ARVL,British Virgin Islands,VGB,272000,296000,282000,278000,304000,337000,356000,358000,346000,309000,330000,338000,351000,366000,386000,393000,408000,335000,192000,302399.99,83000,6622399.99,Null
ST.INT.ARVL,Brunei,BRN,984000,840000,891000,944000,,815000,836000,877000,,,,,,,,,4257000,4316000,4521000,4449000,1071000,24801000,Asia
ST.INT.ARVL,Bulgaria,BGR,4922000,5104000,5563000,6241000,6982000,7282000,7499000,7726000,8533000,7873000,8374000,8713000,8867000,9192000,9409000,9317000,10604000,11596000,12368000,12552000,4973000,173690000,Europe
ST.INT.ARVL,Burkina Faso,BFA,126000,128000,150000,163000,222000,245000,264000,289000,272000,269000,274000,238000,237000,218000,191000,163000,152000,143000,144000,143000,67000,4098000,Null
ST.INT.ARVL,Burundi,BDI,29000,36000,74000,74000,133000,148000,214000,192000,202000,212000,142000,144000,147000,234000,235000,131000,187000,299000,,,,2833000,Africa
ST.INT.ARVL,Cabo Verde,CPV,115000,134000,126000,150000,157000,198000,242000,267000,285000,287000,336000,428000,482000,503000,494000,520000,598000,668000,710000,758000,180000,7638000,Null
ST.INT.ARVL,Cambodia,KHM,466000,605000,787000,701000,1055000,1422000,1700000,2015000,2125000,2162000,2508000,2882000,3584000,4210000,4503000,4775000,5012000,5602000,6201000,6611000,1306000,60232000,Asia
ST.INT.ARVL,Cameroon,CMR,,,,,,,451000,477000,487000,498000,573000,604000,817000,783000,822000,897000,994000,1081000,997000,1021000,,10502000,Africa
ST.INT.ARVL,Canada,CAN,48638000,47147000,44896000,38903000,38845000,36160000,33390000,30373000,27370000,24696000,25621000,25066000,25318000,25167000,25558000,27555000,30142000,31081000,31274000,32430000,,649630000,North America
ST.INT.ARVL,Cayman Islands,CYM,1385000,1549000,1878000,2113000,1953000,1967000,2197000,2008000,1856000,1792000,1886000,1710000,1829000,1721000,1993000,2102000,2097000,2147000,2384000,2334000,660000,39561000,Null
ST.INT.ARVL,Central African Republic,CAF,11200,9900,2900,5700,8200,12000,13800,17100,30600,52400,53800,65400,70800,83500,95700,120500,82000,107000,109000,87000,,1038500,Africa
ST.INT.ARVL,Chad,TCD,43000,57000,32000,21000,26000,29000,46000,77000,61000,70000,71000,77000,86000,97000,119000,120000,98000,87000,63000,81000,10400,1371400,Africa
ST.INT.ARVL,Channel Islands,CHI,,,,,,,,,,,,,,,,,,,,,,,Null
ST.INT.ARVL,Chile,CHL,,,,,,,,,3713000,3657000,3584000,3963000,4397000,4457000,4601000,5487000,6712000,7621000,6603000,5431000,,60226000,South America
ST.INT.ARVL,China,CHN,83444000,89013000,97908000,91662000,109038000,120292000,124942000,131873000,130027000,126476000,133762000,135423000,132405000,129078000,128499000,133820000,141774000,153260000,158606000,162538000,30402000,2544242000,Asia
ST.INT.ARVL,Colombia,COL,707000,788000,661000,668000,840000,981000,2096000,2381000,2545000,2649000,1701000,2356000,2434000,2595000,2866000,3371000,3675000,4056000,4397000,4531000,1396000,47694000,South America
ST.INT.ARVL,Comoros,COM,24000,19400,18900,20600,23300,25900,28500,15200,14800,11300,15300,18800,22800,21900,22800,23600,26800,28000,35900,45100,7000,469900,Africa
ST.INT.ARVL,Dem. Rep. Congo,COD,103000,55000,28000,35000,36000,61000,55000,47000,50000,53000,81000,186000,167000,191000,334000,354000,351000,,,,,2187000,Null
ST.INT.ARVL,Congo,COG,,,,,,,,,,,199000,224000,259000,345000,229000,224000,213000,151000,158000,,,2002000,Africa
ST.INT.ARVL,Costa Rica,CRI,1278000,1320000,1335000,1514000,1771000,1959000,2071000,2302000,2409000,2309000,2495000,2526000,2542000,2641000,2760000,2899000,3204000,3231000,3313000,3366000,1146500,48391500,North America
ST.INT.ARVL,Côte d'Ivoire,CIV,,,,,,,,182000,205000,231000,252000,270000,289000,380000,471000,1441000,1583000,1800000,1965000,2070000,668000,11807000,Null
ST.INT.ARVL,Croatia,HRV,37226000,40129000,41737000,42857000,44974000,45762000,47733000,52271000,51336000,47573000,49006000,49969000,47185000,48345000,51168000,55858000,57587000,59238000,57668000,60021000,21608000,1009251000,Europe
ST.INT.ARVL,Cuba,CUB,1774000,1775000,1686000,1906000,2049000,2319000,2221000,2152000,2348000,2430000,2532000,2716000,2847000,2862000,3014000,3540000,4009000,4654000,4712000,4276000,1086000,56908000,North America
ST.INT.ARVL,Curacao,CUW,514000,519000,545000,508000,452000,510000,572000,664000,773000,808000,762000,837000,908000,1071000,1129000,1072000,944000,1058000,1210000,1293000,,16149000,Null
ST.INT.ARVL,Cyprus,CYP,2912000,2841000,2495000,2416000,2478000,2657000,2629000,2671000,2631000,2370000,2450000,2626000,2635000,2626000,2558000,2780000,3286000,3750000,4024000,4117000,,56952000,Europe
ST.INT.ARVL,Czechia,CZE,,,,20108000,23808000,24747000,25102000,22625000,21850000,23285000,21941000,22810000,25750000,26332000,27166000,29604000,32519000,34701000,36268000,37202000,,455818000,Europe
ST.INT.ARVL,Denmark,DNK,,,,21119000,22054000,26927000,26936000,27138000,26870000,26571000,26730000,25811000,26402000,26516000,28070000,28209000,28692000,30736000,30801000,33093000,15595000,478270000,Europe
ST.INT.ARVL,Djibouti,DJI,20100,21600,22500,23200,26300,30200,39500,40000,54000,58000,51000,56000,60000,63000,,,,,,,,565400,Africa
ST.INT.ARVL,Dominica,DMA,312000,276000,208000,254000,466000,381000,465000,437000,468000,608000,595000,418000,348000,311000,370000,358000,356000,230000,199000,322000,140000,7522000,North America
ST.INT.ARVL,Dominican Rep.,DOM,3161000,3090000,3058000,3680000,3907000,3981000,4268000,4365000,4455000,4489000,4478000,4654000,4901000,5114000,5576000,6129000,6769000,7296000,7551000,7550000,2748000,101220000,Null
ST.INT.ARVL,Ecuador,ECU,627000,641000,683000,761000,819000,860000,841000,937000,1005000,968000,1047000,1141000,1272000,1364000,1695000,1676000,1569000,1806000,2535000,2108000,,24355000,South America
ST.INT.ARVL,Egypt,EGY,5506000,4648000,5192000,6044000,8104000,8608000,9083000,11091000,12835000,12536000,14731000,9845000,11532000,9464000,9878000,9328000,5399000,8292000,11346000,13026000,,186488000,Africa
ST.INT.ARVL,El Salvador,SLV,867000,804000,885000,798000,1030000,1306000,1501000,1720000,1875000,1482000,1606000,1634000,1738000,1822000,1886000,1973000,2052000,2247000,2536000,2639000,707000,33108000,North America
ST.INT.ARVL,Equatorial Guinea,GNQ,,,,,,,,,,,,,,,,,,,,,,,Africa
ST.INT.ARVL,Eritrea,ERI,70000,113000,101000,80000,87000,83000,78000,81000,70000,79000,84000,107000,129000,141000,119000,114000,142000,,,,,1678000,Africa
ST.INT.ARVL,Estonia,EST,3310000,3230000,3253000,3378000,,,,,3828000,3834000,4369000,4907000,5007000,5737000,5804000,5696000,5942000,6145000,6033000,6103000,1695000,78271000,Europe
ST.INT.ARVL,Eswatini,SWZ,1151000,1312000,1371000,1543000,,1182000,1200000,1230000,1186000,1344000,1343000,1328000,1278000,1299000,1325000,1256000,1279000,1343000,1277000,1226000,345299.99,24818299.99,Null
ST.INT.ARVL,Ethiopia,ETH,136000,148000,156000,180000,184000,227000,330000,358000,383000,427000,468000,523000,597000,681000,770000,864000,871000,933000,849000,812000,518000,10415000,Africa
ST.INT.ARVL,Faroe Islands,FRO,,,,,,,,,,,,,,,,,,,,,,,Null
ST.INT.ARVL,Fiji,FJI,434000,446000,461000,451000,513000,547000,,542000,627000,605000,692000,734000,741000,769000,781000,869000,963000,1027000,1058000,969000,168000,13397000,Oceania
ST.INT.ARVL,Finland,FIN,2714000,2826000,2875000,2601000,2840000,3140000,3375000,3519000,3583000,3423000,3670000,4192000,4226000,2797000,2731000,2622000,2789000,3180000,3224000,3290000,896000,64513000,Europe
ST.INT.ARVL,France,FRA,,,,,190282000,185829000,193882000,193319000,193571000,192369000,189826000,196595000,197522000,204410000,206599000,203302000,203042000,207274000,211998000,217877000,117109000,3304806000,Europe
ST.INT.ARVL,French Polynesia,PYF,,,,,,,,243000,227000,190000,179000,196000,210000,214000,228000,239000,241000,254000,264000,300000,89400,3074400,Null
ST.INT.ARVL,Gabon,GAB,230000,236000,269000,234000,351000,526000,,,,,,,,,,,,,,,,1846000,Africa
ST.INT.ARVL,"Gambia, The",GMB,79000,57000,81000,89000,90000,108000,125000,143000,147000,142000,91000,106000,157000,171000,156000,449000,450000,522000,552000,620000,246000,4581000,Null
ST.INT.ARVL,Georgia,GEO,387000,302000,298000,313000,368000,560000,983000,1052000,1290000,1500000,2032000,2712000,4106000,4954000,5004000,5256000,5393000,6483000,7203000,7726000,1513000,59435000,Europe
ST.INT.ARVL,Germany,DEU,18983000,17861000,17969000,18399000,20137000,21500000,23569000,24421000,24884000,24220000,26875000,28374000,30411000,31545000,32999000,34970000,35555000,37452000,38881000,39563000,12449000,561017000,Europe
ST.INT.ARVL,Ghana,GHA,399000,439000,483000,531000,584000,429000,497000,587000,698000,803000,931000,821000,903000,994000,825000,897000,,,,,,10821000,Africa
ST.INT.ARVL,Gibraltar,GIB,,,,,,,,,,,,,,,,,,,,,,,Null
ST.INT.ARVL,Greece,GRC,13567000,14678000,14918000,14785000,14268000,15938000,17284000,,,,,,,20112000,24272000,26114000,28071000,30161000,33072000,34005000,7406000,308651000,Europe
ST.INT.ARVL,Greenland,GRL,,,,,,,,,,,,,,,,,,,,,,,Null
ST.INT.ARVL,Grenada,GRD,316000,277000,271000,294000,370000,380000,342000,406000,428000,460000,445000,447000,370000,327000,387000,437000,474000,468000,529000,526000,217000,8171000,North America
ST.INT.ARVL,Guam,GUM,1287000,1159000,1059000,910000,1160000,1228000,1212000,1225000,1142000,1053000,1197000,1160000,1308000,1334000,1343000,1409000,1536000,1545000,1549000,1667000,328000,25811000,Null
ST.INT.ARVL,Guatemala,GTM,826000,835000,884000,880000,1182000,1316000,1502000,1628000,1715000,1311000,1384000,1434000,1491000,1516000,1739000,1865000,1906000,2120000,2406000,2560000,594000,31094000,North America
ST.INT.ARVL,Guinea,GIN,33000,38000,43000,44000,45000,45000,46100,30000,24000,,12400,131000,96000,56000,33000,35000,63000,99000,,,,873500,Africa
ST.INT.ARVL,Guinea-Bissau,GNB,,7800,,,,5000,11600,15600,18000,16000,22300,36700,35400,35500,36100,43800,45200,49500,55000,52400,,485900,Africa
ST.INT.ARVL,Guyana,GUY,105000,99000,104000,101000,122000,117000,113000,134000,130000,141000,152000,157000,177000,200000,206000,207000,235000,247000,287000,315000,86400,3435400,South America
ST.INT.ARVL,Haiti,HTI,445000,499000,482000,518000,385000,480000,558000,868000,758000,826000,793000,946000,959000,1064000,1127599.98,1190000,1153000,1262000,1333000,938000,,16584599.98,North America
ST.INT.ARVL,Honduras,HND,689000,672000,788000,887000,1026000,1118000,1136000,1309000,1561000,1589000,1965000,1852000,1903000,1857000,2082000,2093000,2228000,2144000,2323000,2315000,669000,32206000,North America
ST.INT.ARVL,"Hong Kong SAR, China",HKG,13059000,13725000,16566000,15537000,21811000,23359000,25251000,28169000,29507000,29591000,36030000,41921000,48615000,54299000,60839000,59308000,56655000,58472000,65148000,55913000,3569000,757344000,Null
ST.INT.ARVL,Hungary,HUN,31141000,30679000,31739000,31412000,33934000,36173000,38318000,39379000,39554000,40624000,39904000,41304000,43565000,43611000,45984000,48345000,52890000,54962000,57667000,61397000,31641000,874223000,Europe
ST.INT.ARVL,Iceland,ISL,328000,329000,315000,348000,405000,429000,477000,539000,561000,563000,559000,628000,765000,900000,1102000,1389000,1891000,2353000,2488000,2202000,488000,19059000,Europe
ST.INT.ARVL,India,IND,2649000,2537000,2384000,2726000,3457000,3919000,4447000,5082000,5283000,5168000,5776000,6309000,6578000,6968000,13107000,13284000,14570000,15543000,17423000,17914000,,155124000,Asia
ST.INT.ARVL,Indonesia,IDN,5064000,5153000,5033000,4467000,5321000,5002000,4871000,5506000,6234000,6324000,7003000,7650000,8044000,8802000,9435000,10407000,11519000,14040000,15810000,16107000,4053000,165845000,Asia
ST.INT.ARVL,Iran,IRN,1342000,1402000,1585000,1546000,1659000,1889000,2735000,2219000,2034000,2116000,2938000,3354000,3834000,4769000,4968000,5237000,4942000,4867000,7295000,9107000,1550000,71388000,Asia
ST.INT.ARVL,Iraq,IRQ,78000,127000,,,,,,,864000,1262000,1518000,1510000,1111000,892000,,,,,,,,7362000,Asia
ST.INT.ARVL,Ireland,IRL,6646000,6353000,6476000,6764000,6953000,7333000,8001000,8332000,8026000,7189000,7134000,7630000,7550000,8260000,8813000,9528000,10100000,10338000,10926000,10951000,,163303000,Europe
ST.INT.ARVL,Isle of Man,IMN,,,,,,,,,,,,,,,,,,,,,,,Null
ST.INT.ARVL,Israel,ISR,2672000,1219000,862099.98,,1505800.05,1916000,1834000,2294000,3034000,2740000,3444000,3362000,3520000,3540000,3251000,3109000,3070000,3863000,4389000,4905000,,54529900.02,Asia
ST.INT.ARVL,Italy,ITA,62702000,60960000,63561000,63026000,58480000,59230000,66353000,70271000,70719000,71692000,73225000,75866000,76293000,76762000,77694000,81068000,84925000,89931000,93228601.56,95399000,38419000,1509804602,Europe
ST.INT.ARVL,Jamaica,JAM,2230000,2117000,2131000,2483000,2515000,2615000,3016000,2880000,2859000,2753000,2832000,3077000,3306000,3274000,3504000,3692000,3837000,4276000,4319000,4233000,1329699.95,63278699.95,North America
ST.INT.ARVL,Japan,JPN,4757000,4772000,5239000,5212000,6138000,6728000,7334000,8347000,8351000,6790000,8611000,6219000,8358000,10364000,13413000,19737000,24039000,28691000,31191000,31881000,4115799.81,250287799.8,Asia
ST.INT.ARVL,Jordan,JOR,2700000,3034000,4677000,4600000,5587000,5817000,6573000,6529000,7100000,7085000,8078000,6813000,6314000,5389000,5327000,4809000,4236000,4565000,4922000,5361000,1240000,110756000,Asia
ST.INT.ARVL,Kazakhstan,KAZ,1683000,2693000,3678000,3237000,4291000,4365000,4707000,5311000,4117000,3774000,4097000,5685000,6163000,6841000,6333000,6430000,6509000,7701000,8789000,8515000,2035000,106954000,Asia
ST.INT.ARVL,Kenya,KEN,1037000,994000,1001000,1146000,1361000,1479000,1601000,1817000,1203000,1490000,1609000,1823000,1711000,1520000,1350000,1181000,1340000,1449000,2025000,2049000,,29186000,Africa
ST.INT.ARVL,Kiribati,KIR,13400,14500,119500,130100.01,63900,50200,10800,32300,,,,,,,8300,8200,7600,7500,9000,12000,,487300.01,Oceania
ST.INT.ARVL,North Korea,PRK,,,,,,,,,,,,,,,,,,,,,,,Asia
ST.INT.ARVL,South Korea,KOR,5322000,5147000,5347000,4753000,5818000,6023000,6155000,6448000,6891000,7818000,8798000,9795000,11140000,12176000,14202000,13232000,17242000,13336000,15347000,17503000,2519000,195012000,Asia
ST.INT.ARVL,Kosovo,XKX,,,,,,,,,,,,,,,,,,,,,,,Null
ST.INT.ARVL,Kuwait,KWT,1944000,2072000,2316000,2602000,3056000,3474000,3899000,4482000,4736000,5088000,5208000,5574000,5729000,6217000,6528000,6941000,7055000,7407000,8508000,8565000,2161000,103562000,Asia
ST.INT.ARVL,Kyrgyzstan,KGZ,173000,199000,183000,342000,398000,319000,766000,1656000,2379000,2451000,1224000,3025000,3393000,4134000,3791000,4000000,3853000,4568000,6947000,8508000,,52309000,Asia
ST.INT.ARVL,Laos,LAO,737000,674000,736000,636000,895000,1095000,1215000,1624000,1737000,2008000,2513000,2724000,3330000,3779000,4159000,4684000,4239000,3869000,4186000,4791000,886400.02,50517400.02,Asia
ST.INT.ARVL,Latvia,LVA,1882000,2061000,2297000,2524000,3127000,3791000,4649000,5209000,5496000,4727000,5042000,5538000,5569000,5822000,6246000,6842000,6797000,7726000,7775000,8342000,3204000,104666000,Europe
ST.INT.ARVL,Lebanon,LBN,742000,837000,956000,1016000,1278000,1140000,1063000,1017000,1333000,1844000,2168000,1655000,1366000,1274000,1355000,1518000,1688000,1857000,1964000,1936000,,28007000,Asia
ST.INT.ARVL,Lesotho,LSO,302000,295000,287000,329000,304000,304000,357000,300000,293000,344000,426000,398000,423000,433000,1079000,1082000,1196000,1137000,1173000,1142000,,11604000,Africa
ST.INT.ARVL,Liberia,LBR,,,,,,,,,,,,,,,,,,,,,,,Africa
ST.INT.ARVL,Libya,LBY,963000,953000,858000,958000,,,125000,106000,760000,,,,,,,,,,,,,4723000,Africa
ST.INT.ARVL,Liechtenstein,LIE,61600,56500,48700,49000,48500,49800,54900,72800,72900,66500,64300,67000,62400,59600,61300,56700,69100,79300,85300,98100,58400,1342700.01,Europe
ST.INT.ARVL,Lithuania,LTU,4092000,4195000,3999000,3635000,,,,4251000,4459000,4001000,4073000,4504000,4979000,5264000,5217000,5048000,5322000,5590000,6115000,6150000,2284000,83178000,Europe
ST.INT.ARVL,Luxembourg,LUX,852000,836000,885000,867000,878000,913000,908000,914000,877000,847000,805000,874000,950000,945000,1038000,1090000,1054000,1046000,1018000,1041000,525000,19163000,Europe
ST.INT.ARVL,"Macao SAR, China",MAC,9162000,10279000,11531000,11888000,16673000,18711000,21998000,27003000,22933000,21753000,24965000,28002000,28082000,29325000,31526000,30715000,30950000,32611000,35804000,39406000,5897000,489214000,Null
ST.INT.ARVL,Madagascar,MDG,,,,,,,,,,,,,,,,282000,333000,285000,360000,486000,87100,1833100,Africa
ST.INT.ARVL,Malawi,MWI,228000,266000,383000,424000,427000,438000,638000,735000,742000,755000,746000,767000,770000,795000,819000,805000,849000,837000,871000,,,12295000,Africa
ST.INT.ARVL,Malaysia,MYS,10222000,12775000,13292000,10577000,15703000,16431000,17547000,20973000,22052000,23646000,24577000,24714000,25033000,25715000,27437000,25721000,26757000,25948000,25832000,26101000,4333000,425386000,Asia
ST.INT.ARVL,Maldives,MDV,467000,461000,485000,564000,617000,395000,602000,676000,683000,656000,792000,931000,958000,1125000,1205000,1234000,1286000,1390000,1484000,1703000,555000,18269000,Asia
ST.INT.ARVL,Mali,MLI,86000,89000,96000,110000,113000,143000,153000,164000,190000,160000,169000,160000,134000,142000,168000,159000,173000,193000,203000,217000,,3022000,Africa
ST.INT.ARVL,Malta,MLT,1387000,1439000,1483000,1512000,1428000,1484000,1521000,1723000,1832000,1608000,1815000,1916000,2007000,2013000,2162000,2383000,2592000,2944000,3232000,3519000,718000,40718000,Europe
ST.INT.ARVL,Marshall Islands,MHL,5200,5400,6000,7200,9000,9200,5800,7200,6000,5400,4600,4600,4600,,4900,6300,5400,6000,6800,6100,,115700,Oceania
ST.INT.ARVL,Mauritania,MRT,30000,,,,,,,,,,,,,,,,,,,,,30000,Africa
ST.INT.ARVL,Mauritius,MUS,678000,675000,709000,721000,739000,782000,807000,933000,970000,890000,956000,983000,984000,1015000,1065000,1174000,1307000,1371000,1431000,1418000,316000,19924000,Africa
ST.INT.ARVL,Mexico,MEX,105673000,100718000,100153000,92330000,99250000,103146000,97701000,93582000,92948000,88044000,81953000,75732000,76749000,78100000,81042000,87129000,94853000,99349000,96497000,97406000,51128000,1893483000,North America
ST.INT.ARVL,"Micronesia, Fed. Sts.",FSM,20500,15300,19100,18200,19300,19000,19100,21100,25700,47500,44700,35400,38300,42100,35400,31200,29600,,19200,18000,,518700.01,Null
ST.INT.ARVL,Moldova,MDA,18000,16000,18000,21000,69000,67000,63000,70000,73000,60000,64000,75000,89000,95600,93900,94400,121000,145000,160000,174000,29000,1615900,Europe
ST.INT.ARVL,Monaco,MCO,300000,270000,263000,235000,250000,286000,313000,328000,324000,265000,279000,295000,292000,328000,329000,331000,336000,355000,347000,363000,159000,6248000,Europe
ST.INT.ARVL,Mongolia,MNG,158000,192000,235000,205000,305000,345000,408000,455000,469000,465000,557000,627000,624000,515000,506000,467000,471000,543000,598000,637000,66900,8848900,Asia
ST.INT.ARVL,Montenegro,MNE,,,136000,142000,188000,272000,378000,984000,1031000,1044000,1088000,1201000,1264000,1324000,1350000,1560000,1662000,1877000,2077000,2510000,351000,20439000,Europe
ST.INT.ARVL,Morocco,MAR,4458000,4596000,4709000,5021000,5732000,6077000,6777000,7701000,8209000,8661000,9752000,9784000,9830000,10349000,10507000,10542000,10677000,11540000,12489000,13109000,2802000,173322000,Africa
ST.INT.ARVL,Mozambique,MOZ,,404000,943000,726000,711000,954000,1095000,1259000,1439000,1711000,1836000,2013000,2206000,1970000,1751000,1634000,1715000,1514000,2870000,2033000,,28784000,Africa
ST.INT.ARVL,Myanmar,MMR,416000,475000,487000,597000,657000,660000,630000,716000,731000,763000,792000,816000,1059000,2044000,3081000,4681000,2907000,3443000,3551000,4364000,903000,33773000,Asia
ST.INT.ARVL,Namibia,NAM,759000,700000,799000,739000,986000,856000,961000,1048000,1079000,1100000,1114000,1163000,1245000,1327000,1429000,1488000,1551000,1581000,1639000,1651000,187100.01,23402100.01,Africa
ST.INT.ARVL,Nauru,NRU,,,,,,,,,,,,,,,,,,,,,,,Oceania
ST.INT.ARVL,Nepal,NPL,464000,361000,275000,338000,385000,375000,384000,527000,500000,510000,603000,736000,803000,798000,790000,539000,753000,940000,1173000,1197000,230000,12681000,Asia
ST.INT.ARVL,Netherlands,NLD,10003000,9500000,9595000,9181000,9646000,10012000,10739000,11008000,10104000,9921000,10883000,11300000,11680000,12783000,13925000,15007000,15828000,17924000,18780000,20129000,7265000,255213000,Europe
ST.INT.ARVL,New Caledonia,NCL,110000,101000,104000,102000,100000,101000,100000,103000,104000,99000,99000,112000,112000,108000,107000,114000,116000,121000,120000,130000,31000,2194000,Null
ST.INT.ARVL,New Zealand,NZL,1787000,1909000,2045000,2104000,2334000,2366000,2409000,2455000,2483000,2473000,2530000,2617000,2574000,2710000,2854000,3129000,3494000,3723000,3858000,3888000,996000,54738000,Oceania
ST.INT.ARVL,Nicaragua,NIC,581000,584000,579000,646000,735000,804000,891000,978000,1011000,1010000,1071000,1122000,1233000,1273000,1390000,1456000,1596000,1958000,1412000,1455000,474000,22259000,North America
ST.INT.ARVL,Niger,NER,50000,52000,39000,55000,57000,58000,60000,48000,73000,66000,74000,82000,94000,123000,135000,135000,152000,164000,157000,192000,85000,1951000,Africa
ST.INT.ARVL,Nigeria,NGA,1492000,1753000,2046000,2253000,2646000,2778000,3056000,5239000,5820000,6053000,6113000,3765000,4673000,4038000,4803000,6017000,5265000,,,,,67810000,Africa
ST.INT.ARVL,North Macedonia,MKD,224000,99000,123000,158000,165000,197000,202000,230000,255000,259000,262000,327000,351000,400000,425000,486000,510000,631000,707000,758000,118000,6887000,Null
ST.INT.ARVL,Northern Mariana Islands,MNP,529000,444000,476000,459000,536000,507000,436000,389000,397000,354000,379000,341000,401000,439000,460000,479000,531000,660000,518000,487000,,9222000,Null
ST.INT.ARVL,Norway,NOR,3104000,3073000,3111000,3269000,3628000,3824000,4070000,4377000,4347000,4346000,4767000,4963000,4538000,4778000,4855000,5361000,5960000,6252000,5688000,5879000,1397000,91587000,Europe
ST.INT.ARVL,Oman,OMN,,1095000,1112000,1210000,1407000,1101000,1385000,1360000,1540000,1584000,1500000,1393000,1714000,1923000,2225000,2634000,3207000,3178000,3242000,3506000,869000,37185000,Asia
ST.INT.ARVL,Pakistan,PAK,557000,500000,498000,501000,648000,798000,898000,840000,823000,855000,907000,1161000,966000,,,,,,,,,9952000,Asia
ST.INT.ARVL,Palau,PLW,58000,54000,59000,63000,89000,81000,82000,88000,81000,71000,85000,111000,120000,108000,140000,162000,138000,123000,106000,94000,18400,1931400,Oceania
ST.INT.ARVL,Panama,PAN,600000,737000,800000,897000,1004000,1070000,1215000,1428000,1575000,1562000,1726000,2004000,2086000,2202000,2305000,2553000,2379000,2517000,2487000,2494000,647000,34288000,North America
ST.INT.ARVL,Papua New Guinea,PNG,,,,,,,,,120000,126000,146000,165000,175000,182000,191000,199000,198000,182000,195000,211000,39000,2129000,Oceania
ST.INT.ARVL,Paraguay,PRY,3924000,3550000,3194000,2859000,2589000,2648000,2830000,3005000,3118000,3183000,3171000,3365000,3655000,3538000,3455000,4102000,4318000,4744000,4183000,4368000,1077000,70876000,South America
ST.INT.ARVL,Peru,PER,,,,,1650000,1938000,2227000,2451000,2581000,2681000,2948000,3299000,3642000,4010000,4062000,4381000,4718000,4992000,5384000,5275000,1119000,57358000,South America
ST.INT.ARVL,Philippines,PHL,1992000,1797000,1933000,1907000,2291000,2623000,2843000,3092000,3139000,3017000,3520000,3917000,4273000,4681000,4833000,5361000,5967000,6621000,7168000,8261000,1483000,80719000,Asia
ST.INT.ARVL,Poland,POL,84515000,61431000,50735000,52130000,61918000,64606000,65115000,66208000,59935000,53840000,58340000,60745000,67390000,72310000,73750000,77743000,80476000,83804000,85946000,88515000,,1369452000,Europe
ST.INT.ARVL,Portugal,PRT,12097000,12167000,11644000,11707000,10639000,10612000,11282000,6788000,6962000,6439000,6756000,7264000,7503000,9177000,10497000,11723000,13359000,15432000,16186000,17283000,4208000,219725000,Europe
ST.INT.ARVL,Puerto Rico,PRI,4566000,4908000,4364000,4402000,4889000,5073000,5022000,5062000,5213000,4415000,4379000,4214000,4197000,4210000,4456000,5051000,5003000,4927000,4260000,4931000,3882000,97424000,Null
ST.INT.ARVL,Qatar,QAT,,,,,,,,,,1482000,1700000,2057000,2324000,2612000,2839000,2941000,2938000,2256000,1819000,2136500,582000,25686500,Asia
ST.INT.ARVL,Romania,ROU,5264000,4938000,4794000,5595000,6600000,5839000,6037000,7722000,8862000,7575000,7498000,7611000,7937000,8019000,8442000,9331000,10223000,10926000,11720000,12815000,5023000,162771000,Europe
ST.INT.ARVL,Russia,RUS,21169000,21595000,23309000,22521000,22064000,22201000,22486000,22909000,23676000,21339000,22281000,24932000,28177000,30792000,32421000,33729000,24571000,24390000,24551000,24419000,6359000,499891000,Asia
ST.INT.ARVL,Rwanda,RWA,,,,,,,531000,610000,669000,664000,667000,908000,1061000,1122000,1220000,1298000,1377000,1570000,1711000,1634000,,15042000,Africa
ST.INT.ARVL,Samoa,WSM,,,,,,,116000,122000,122000,129000,130000,128000,135000,125000,132000,139000,146000,158000,172000,181000,23900,1958900,Oceania
ST.INT.ARVL,San Marino,SMR,3071000,3036000,3102000,2882000,2812000,2107000,2136000,2164000,2112000,2056000,1976000,2038000,1869000,1905000,2004000,1888000,2000000,1937000,1874000,1904000,,44873000,Europe
ST.INT.ARVL,Sao Tome and Principe,STP,7100,7500,9200,10000,10600,15800,12300,11800,14500,15200,8000,12200,,,,25600,28900,28900,33400,,,251000,Africa
ST.INT.ARVL,Saudi Arabia,SAU,,,,,11083000,10417000,10962000,13479000,17717000,13319000,13025000,15776000,19847000,19934000,23010000,21834000,20887000,18607000,17570000,20292000,,267759000,Asia
ST.INT.ARVL,Senegal,SEN,,,,502000,677000,779000,876000,879000,877000,815000,906000,977000,967000,1069000,976000,1014000,1219000,1376000,,,,13909000,Africa
ST.INT.ARVL,Serbia,SRB,,,312000,339000,392000,453000,469000,696000,646000,645000,683000,764000,810000,922000,1029000,1132000,1281000,1497000,1711000,1847000,446000,16074000,Europe
ST.INT.ARVL,Seychelles,SYC,140000,138000,135000,127000,126000,135000,151000,171000,173000,178000,191000,210000,216000,237000,239000,296000,333000,382000,405000,428000,124500,4535500,Africa
ST.INT.ARVL,Sierra Leone,SLE,,,,,,,,,,,,,75000,95000,53000,31000,60000,59000,66000,71000,,510000,Africa
ST.INT.ARVL,Singapore,SGP,7691000,7522000,7567000,6127000,8329000,8943000,9751000,10285000,10116000,9683000,11642000,13171000,14496000,15568000,15095000,15231500,16403000,17425000,18508000,19116000,2742000,245411500,Asia
ST.INT.ARVL,Sint Maarten (Dutch part),SXM,1300000,1271000,1436000,1600000,1823000,1956000,1890000,1891000,1821000,1655000,1956000,2080000,2210000,2253000,2502000,2407000,2197000,1640000,1775000,1952000,,37615000,Null
ST.INT.ARVL,Slovak Republic,SVK,,,,,,,,,,,,,,12583000,11556000,14936000,17376000,15406000,15299000,,,87156000,Null
ST.INT.ARVL,Slovenia,SVN,1090000,1219000,1302000,1373000,1499000,1555000,1617000,1751000,1958000,1824000,2049000,2236000,2377000,2502000,2675000,3022000,3397000,3991000,4425000,4702000,1216000,47780000,Europe
ST.INT.ARVL,Solomon Islands,SLB,5200,,,6600,5600,9400,11500,13700,16300,18300,20500,22900,23900,24400,20100,21600,23200,25700,27900,28900,4400,330100,Oceania
ST.INT.ARVL,Somalia,SOM,,,,,,,,,,,,,,,,,,,,,,,Africa
ST.INT.ARVL,South Africa,ZAF,6001000,5908000,6550000,6640000,6815000,7518000,8509000,9208000,9729000,9532000,11303000,12097000,13069000,14318000,14530000,13952000,15121000,14975000,15004000,14797000,3886600.1,219462600.1,Africa
ST.INT.ARVL,South Sudan,SSD,,,,,,,,,,,,,,,,,,,,,,,Africa
ST.INT.ARVL,Spain,ESP,74580000,75564000,79313000,82326000,85981000,92563000,96152000,98907000,97670000,91899000,93744000,99187000,98128000,103231000,107144000,109834000,115561000,121717000,124456000,126170000,36410000,2010537000,Europe
ST.INT.ARVL,Sri Lanka,LKA,445000,397000,457000,583000,681000,669000,689000,592000,526000,538000,766000,976000,1133000,1415000,1665000,1993000,2168000,2248000,2521000,2027000,540000,23029000,Asia
ST.INT.ARVL,St. Kitts and Nevis,KNA,247000,334000,240000,247000,383000,365000,350000,379000,533000,548000,624000,723000,666000,695000,818000,1036000,1055000,1194000,1278000,1107000,301399.99,13123399.99,Null
ST.INT.ARVL,St. Lucia,LCA,727000,747000,648000,683000,791000,720000,670000,905000,925000,982000,984000,950000,889000,921000,987000,1031000,948000,1064000,1165000,1220000,432500,18389500,Null
ST.INT.ARVL,St. Martin (French part),MAF,,,,,,,,,,,,,,,,,,,,,,,Null
ST.INT.ARVL,St. Vincent and the Grenadines,VCT,256000,254000,247000,242000,262000,256000,306000,328000,250000,271000,231000,208000,200000,200000,205000,207000,227000,303000,356000,392000,,5201000,Null
ST.INT.ARVL,Sudan,SDN,38000,50000,52000,52000,61000,246000,328000,436000,440000,420000,495000,536000,575000,591000,684000,741000,800000,813000,836000,,,8194000,Africa
ST.INT.ARVL,Suriname,SUR,72000,68000,,100000,,,154000,167000,151000,151000,206000,221000,240000,250000,253000,229000,257000,279000,,,,2798000,South America
ST.INT.ARVL,Sweden,SWE,3828000,4108000,4276000,4268000,4676000,4883000,4729000,5224000,4555000,4899000,5183000,11567000,12372000,10980000,10522000,6482000,6782000,7054000,7440000,7616000,1957000,133401000,Europe
ST.INT.ARVL,Switzerland,CHE,7821000,7455000,6868000,6530000,,7229000,7863000,8448000,8608000,8294000,8628000,8534000,8566000,8967000,9158000,9305000,10402000,11133000,11715000,11818000,,167342000,Europe
ST.INT.ARVL,Syria,SYR,3412000,3671000,4678000,4837000,6334000,5859000,5682000,5434000,6951000,7721000,10970000,6476000,,,,,1043000,1291000,1802000,2424000,,78585000,Asia
ST.INT.ARVL,Tajikistan,TJK,7700,5200,,,,,,,325000,207000,160000,183000,244000,208000,213000,414000,344000,431000,1035000,,,3776900,Asia
ST.INT.ARVL,Tanzania,TZA,501000,525000,575000,576000,583000,613000,644000,719000,770000,714000,783000,868000,1077000,1096000,1140000,1137000,1284000,1327000,1506000,1527000,,17965000,Africa
ST.INT.ARVL,Thailand,THA,9579000,10133000,10873000,10082000,11737000,11567000,13822000,14464000,14584000,14150000,15936000,19230000,22354000,26547000,24810000,29923000,32530000,35592000,38178000,39916000,,406007000,Asia
ST.INT.ARVL,Timor-Leste,TLS,,,,,,,14000,22000,36000,44000,40000,51000,58000,79000,60000,61600,65600,73900,74600,74800,,754500,Null
ST.INT.ARVL,Togo,TGO,60000,57000,58000,61000,83000,81000,94000,86000,74000,150000,202000,300000,235000,327000,282000,273000,338000,514000,573000,876000,482000,5206000,Africa
ST.INT.ARVL,Tonga,TON,43000,38000,45000,51000,51000,60000,54000,65000,65000,74700,65000,68400,57200,59700,65800,72600,86700,86600,77300,94000,,1280000,Oceania
ST.INT.ARVL,Trinidad and Tobago,TTO,503000,468000,451000,474000,501000,529000,534000,531000,482000,534000,490000,491000,504000,467000,455000,519000,492000,465000,501000,480000,141000,10012000,North America
ST.INT.ARVL,Tunisia,TUN,5058000,5387000,5064000,5114000,5998000,6378000,6550000,6762000,7050000,7797000,7828000,5746000,6999000,7352000,7163000,5359000,5724000,7052000,8299000,9429000,2012000,134121000,Africa
ST.INT.ARVL,Turkey,TUR,10428000,11619000,13256000,14030000,17517000,21125000,19820000,27215000,31138000,31760000,32997000,36769000,37715000,39861000,41627000,41114000,30907000,37970000,46113000,51747000,15971000,610699000,Asia
ST.INT.ARVL,Turkmenistan,TKM,,,,,,,,,,,,,,,,,,,,,,,Asia
ST.INT.ARVL,Turks and Caicos Islands,TCA,,,,,,,,,757000,865000,899000,1010000,968000,1069000,1330000,1316000,1296000,1243000,1463000,1599000,370399.99,14185399.99,Null
ST.INT.ARVL,Tuvalu,TUV,1100,1100,1300,1400,1300,1100,1100,1100,1700,1600,1700,1200,1100,1300,1400,2400,2500,2500,3200,3600,,33700,Oceania
ST.INT.ARVL,Uganda,UGA,193000,205000,254000,305000,512000,468000,539000,642000,844000,807000,946000,1151000,1197000,1206000,1266000,1303000,1323000,1402000,1506000,1543000,473000,18085000,Africa
ST.INT.ARVL,Ukraine,UKR,11691000,11877000,12793000,15161000,18583000,20489000,21714000,26162000,28827000,24033000,24114000,24535000,25061000,26025000,13227000,13025000,13734000,14579000,14342000,13710000,3382000,377064000,Europe
ST.INT.ARVL,United Arab Emirates,ARE,,,,,,,,,,,,,,,,19313000,20894000,21805000,23092000,25282000,8084000,118470000,Asia
ST.INT.ARVL,United Kingdom,GBR,25209000,22835000,24180000,24715000,27755000,29970000,32713000,32778000,31888000,31072000,30398000,31886000,32221000,33567000,35337000,36792000,39129000,41080000,40283000,40857000,11101000,655766000,Europe
ST.INT.ARVL,United States of America,USA,78343000,70975000,64434000,62082000,67606000,71484000,183178000,175299000,175703000,160508000,162275000,147271421.9,171629890.6,179309906.3,178311359.4,176864531.3,175261484.4,174291750,169324921.9,165478000,45037000,2854667266,North America
ST.INT.ARVL,Uruguay,URY,2236000,2136000,1354000,1508000,1871000,1917000,1824000,1815000,2255000,2303000,2708000,3244000,3155000,3242000,3195000,3286000,3632000,4219000,3954000,3480000,,53334000,South America
ST.INT.ARVL,Uzbekistan,UZB,302000,345000,332000,231000,262000,242000,560000,903000,1069000,1215000,975000,1393000,1895000,1969000,1862000,1918000,2027000,2690000,5346000,6749000,,32285000,Asia
ST.INT.ARVL,Vanuatu,VUT,106000,106000,99000,102000,99000,126000,154000,167000,196600.01,225500,237700,248899.99,321000,357000,329000,287000,351600.01,332700.01,350200.01,256000,82400,4534600.03,Oceania
ST.INT.ARVL,Venezuela,VEN,602000,792000,590000,435000,618000,846000,883000,898000,702000,567000,535000,625000,1061000,1085000,967000,882000,681000,429000,,,,13198000,South America
ST.INT.ARVL,Vietnam,VNM,2140000,2330000,2628000,2429000,2928000,3477000,3583000,4229000,4236000,3747000,5050000,6014000,6848000,7572000,7874000,7944000,10013000,12922000,15498000,18009000,3837000,133308000,Asia
ST.INT.ARVL,Virgin Islands (U.S.),VIR,2396000,2497000,2337000,2395000,2620000,2602000,2571000,2606000,2435000,2245000,2531000,2686000,2640000,2702000,2814000,2643000,2574000,1954000,1922000,2074000,8612000,57856000,Null
ST.INT.ARVL,West Bank and Gaza,PSE,310000,43000,33000,37000,56000,88000,123000,264000,387000,396000,522000,449000,490000,545000,556000,432000,400000,503000,606000,688000,93000,7021000,Null
ST.INT.ARVL,Yemen,YEM,,,,,,,,,,,1035000,1175000,1282000,1323000,1218000,398000,,,,,,6431000,Asia
ST.INT.ARVL,Zambia,ZMB,457000,492000,565000,413000,515000,669000,757000,897000,812000,710000,815000,920000,859000,915000,947000,932000,956000,1009000,1072000,1266000,502000,16480000,Africa
ST.INT.ARVL,Zimbabwe,ZWE,1967000,2217000,2041000,2256000,1854000,1559000,2287000,2506000,1956000,2017000,2239000,2423000,1794000,1833000,1880000,2057000,2168000,2423000,2580000,2294000,639000,42990000,Africa