Series Code,Country Name,Country Code,2000,2001,2002,2003,2004,2005,2006,2007,2008,2009,2010,2011,2012,2013,2014,2015,2016,2017,2018,2019,2020,total_receipts_sum,continent
ST.INT.RCPT.CD,Afghanistan,AFG,,,,,,,,,57000000.00,89000000.00,147000000.00,165000000.00,167000000.00,179000000.00,121000000.00,86000000.00,62000000.00,16000000.00,50000000.00,85000000.00,75000000.00,1299000000.00,Asia
ST.INT.RCPT.CD,Albania,ALB,398000000.00,451000000.00,492000000.00,537000000.00,756000000.00,880000000.00,1057000000.00,1479000000.00,1850000000.00,2013000000.00,1778000000.00,1833000000.00,1623000000.00,1670000000.00,1849000000.00,1613000000.00,1821000000.00,2050000000.00,2306000000.00,2458000000.00,1243000000.00,30157000000.00,Europe
ST.INT.RCPT.CD,Algeria,DZA,,,,,,477000000.00,393000000.00,334000000.00,473000000.00,361000000.00,324000000.00,300000000.00,295000000.00,326000000.00,316000000.00,347000000.00,246000000.00,171000000.00,196500000.00,140000000.00,50000000.00,4749500000.00,Africa
ST.INT.RCPT.CD,American Samoa,ASM,,,,,,,,,,,,,,,,,22000000.00,22000000.00,,,,44000000.00,Null
ST.INT.RCPT.CD,Andorra,AND,,,,,,,,,,,,,,,,,,,,1910000000.00,,1910000000.00,Europe
ST.INT.RCPT.CD,Angola,AGO,34000000.00,35000000.00,51000000.00,63000000.00,82000000.00,103000000.00,91000000.00,236000000.00,293000000.00,554000000.00,726000000.00,653000000.00,711000000.00,1241000000.00,1597000000.00,1171000000.00,628000000.00,884000000.00,557000000.00,395000000.00,19000000.00,10124000000.00,Africa
ST.INT.RCPT.CD,Antigua and Barbuda,ATG,,,,,,,,,,,,,,,803000000.00,802000000.00,844000000.00,820000000.00,854000000.00,992000000.00,416000000.00,5531000000.00,North America
ST.INT.RCPT.CD,Argentina,ARG,3195000000.00,2756000000.00,1716000000.00,2306000000.00,2660000000.00,3209000000.00,3926000000.00,5030000000.00,5273000000.00,4455000000.00,5605000000.00,6058000000.00,5665000000.00,5199000000.00,5645000000.00,5441000000.00,5466000000.00,5830000000.00,5999000000.00,5654000000.00,1702000000.00,92790000000.00,South America
ST.INT.RCPT.CD,Armenia,ARM,52000000.00,81000000.00,81000000.00,90000000.00,189000000.00,243000000.00,406000000.00,522000000.00,564000000.00,570000000.00,694000000.00,762000000.00,853000000.00,905000000.00,994000000.00,956000000.00,1037000000.00,1224000000.00,1358000000.00,1553000000.00,303000000.00,13437000000.00,Europe
ST.INT.RCPT.CD,Aruba,ABW,850000000.00,825000000.00,835000000.00,858099975.60,1057000000.00,1097000000.00,1064099976.00,1213400024.00,1352000000.00,1223000000.00,1254000000.00,1358000000.00,1412000000.00,1506000000.00,1625000000.00,1659000000.00,1757000000.00,1855000000.00,2035000000.00,2109000000.00,1077000000.00,28021599976.00,Null
ST.INT.RCPT.CD,Australia,AUS,11594000000.00,11333000000.00,12148000000.00,14981000000.00,18032000000.00,19719000000.00,20408000000.00,25024000000.00,27189000000.00,26909000000.00,31064000000.00,34315000000.00,34137000000.00,32889000000.00,35736000000.00,36249000000.00,39059000000.00,43975000000.00,47327000000.00,47953000000.00,26234000000.00,596000000000.00,Oceania
ST.INT.RCPT.CD,Austria,AUT,11382000000.00,11511000000.00,12334000000.00,15128000000.00,17251000000.00,18471000000.00,,,,,,,,,,20422000000.00,20965000000.00,22424000000.00,25413000000.00,25924000000.00,15362000000.00,217000000000.00,Europe
ST.INT.RCPT.CD,Azerbaijan,AZE,68000000.00,57000000.00,63000000.00,70000000.00,79000000.00,100000000.00,201000000.00,317000000.00,382000000.00,545000000.00,792000000.00,1500000000.00,2634000000.00,2618000000.00,2713000000.00,2535000000.00,2855000000.00,3214000000.00,2830000000.00,2004099976.00,340000000.00,25917099976.00,Europe
ST.INT.RCPT.CD,"Bahamas, The",BHS,1753000000.00,1665000000.00,1773000000.00,1770000000.00,1897000000.00,2081000000.00,2066000000.00,2198000000.00,2155000000.00,2025000000.00,2159000000.00,2157000000.00,2333000000.00,2305000000.00,2336000000.00,2554000000.00,3091000000.00,2951000000.00,3756000000.00,4150000000.00,1007000000.00,48182000000.00,Null
ST.INT.RCPT.CD,Bahrain,BHR,854000000.00,886000000.00,985000000.00,1206000000.00,1504000000.00,1603000000.00,1786000000.00,1854000000.00,1927000000.00,1873000000.00,2163000000.00,1766000000.00,1752000000.00,1875000000.00,1913000000.00,2827000000.00,4021000000.00,4380000000.00,3834000000.00,3860000000.00,724000000.00,43593000000.00,Asia
ST.INT.RCPT.CD,Bangladesh,BGD,,,59000000.00,59000000.00,76000000.00,82000000.00,,,,77000000.00,103000000.00,97000000.00,105000000.00,131000000.00,154000000.00,150300003.10,214300003.10,348000000.00,357000000.00,391000000.00,217899993.90,2621500000.00,Asia
ST.INT.RCPT.CD,Barbados,BRB,795000000.00,728000000.00,695000000.00,840000000.00,843000000.00,905000000.00,1068000000.00,1198000000.00,1203000000.00,1076000000.00,1041000000.00,984000000.00,947000000.00,988000000.00,910000000.00,974000000.00,1071000000.00,,,,,16266000000.00,North America
ST.INT.RCPT.CD,Belarus,BLR,188000000.00,272000000.00,295000000.00,339000000.00,362000000.00,346000000.00,401000000.00,479000000.00,585000000.00,563000000.00,665000000.00,747000000.00,986000000.00,1156000000.00,1230000000.00,1013000000.00,1019000000.00,1124500000.00,1221000000.00,1290000000.00,542000000.00,14823500000.00,Europe
ST.INT.RCPT.CD,Belgium,BEL,,8304000000.00,7598000000.00,8848000000.00,10089000000.00,10881000000.00,11625000000.00,12369000000.00,,12718000000.00,12680000000.00,14114000000.00,13704000000.00,14534000000.00,15249000000.00,8975000000.00,8784000000.00,9636000000.00,10319000000.00,10581000000.00,7447000000.00,208000000000.00,Europe
ST.INT.RCPT.CD,Belize,BLZ,,,,,,,,,,,,,,,,,,,,,,0.00,North America
ST.INT.RCPT.CD,Benin,BEN,77400001.53,85500000.00,94500000.00,107900001.50,120900001.50,107699996.90,121599998.50,206300003.10,236399993.90,131399993.90,149399993.90,201000000.00,174000000.00,193000000.00,153000000.00,148000000.00,129000000.00,160000000.00,175000000.00,240860000.60,,3012859985.00,Africa
ST.INT.RCPT.CD,Bermuda,BMU,,,,,,,,,,,,500000000.00,448000000.00,447000000.00,407000000.00,370000000.00,440000000.00,513000000.00,583000000.00,601000000.00,94000000.00,4403000000.00,Null
ST.INT.RCPT.CD,Bhutan,BTN,10000000.00,9000000.00,8000000.00,8000000.00,13000000.00,19000000.00,36000000.00,47000000.00,47000000.00,51000000.00,64000000.00,76000000.00,93000000.00,116000000.00,99000000.00,120000000.00,139000000.00,153000000.00,121000000.00,120000000.00,84000000.00,1433000000.00,Asia
ST.INT.RCPT.CD,Bolivia,BOL,101000000.00,119000000.00,143000000.00,243000000.00,283000000.00,345000000.00,330000000.00,326000000.00,302000000.00,306000000.00,339000000.00,499000000.00,631000000.00,639000000.00,746000000.00,810000000.00,827000000.00,928000000.00,948000000.00,977000000.00,243000000.00,10085000000.00,South America
ST.INT.RCPT.CD,Bosnia and Herz.,BIH,246000000.00,279000000.00,307000000.00,404000000.00,507000000.00,557000000.00,658000000.00,804000000.00,913000000.00,753000000.00,662000000.00,722000000.00,686000000.00,752000000.00,755000000.00,794000000.00,875000000.00,984000000.00,1147000000.00,1225000000.00,438000000.00,14468000000.00,Europe
ST.INT.RCPT.CD,Botswana,BWA,227000000.00,235000000.00,324000000.00,459000000.00,582000000.00,563000000.00,540000000.00,548299987.80,510700012.20,663599975.60,440100006.10,468299987.80,515599975.60,484200012.20,529299987.80,534299987.80,505000000.00,542010009.80,584200012.20,712400024.40,217000000.00,10185009979.00,Africa
ST.INT.RCPT.CD,Brazil,BRA,1969000000.00,1844000000.00,2142000000.00,2673000000.00,3389000000.00,4168000000.00,4577000000.00,5284000000.00,6109000000.00,5635000000.00,5522000000.00,6370000000.00,6623000000.00,6784000000.00,7405000000.00,6254000000.00,6613000000.00,6175000000.00,6324000000.00,6127000000.00,3099000000.00,105000000000.00,South America
ST.INT.RCPT.CD,British Virgin Islands,VGB,345000000.00,401000000.00,345000000.00,342000000.00,393000000.00,412000000.00,438000000.00,451000000.00,446000000.00,374000000.00,389000000.00,388000000.00,398000000.00,421000000.00,459000000.00,484000000.00,,,,,,6486000000.00,Null
ST.INT.RCPT.CD,Brunei,BRN,,155000000.00,113000000.00,124000000.00,181000000.00,191000000.00,224000000.00,233000000.00,242000000.00,254000000.00,,,92000000.00,96000000.00,79000000.00,147000000.00,144000000.00,177000000.00,190000000.00,,,2642000000.00,Asia
ST.INT.RCPT.CD,Bulgaria,BGR,1364000000.00,1262000000.00,1392000000.00,2051000000.00,2796000000.00,3063000000.00,3317000000.00,4181000000.00,4852000000.00,4273000000.00,3807000000.00,4297000000.00,3975000000.00,4410000000.00,4518000000.00,3568000000.00,4148000000.00,4663000000.00,5061000000.00,4832000000.00,1792000000.00,73622000000.00,Europe
ST.INT.RCPT.CD,Burkina Faso,BFA,23000000.00,25000000.00,37000000.00,38000000.00,52000000.00,46000000.00,55000000.00,61000000.00,82000000.00,99000000.00,105000000.00,116000000.00,128000000.00,200000000.00,183000000.00,152000000.00,172000000.00,172000000.00,179000000.00,173000000.00,,2098000000.00,Null
ST.INT.RCPT.CD,Burundi,BDI,1399999.98,899999.98,1600000.02,1200000.05,1799999.95,1899999.98,1600000.02,2299999.95,1600000.02,1700000.05,2099999.91,3700000.05,,,,,,,,,,21799999.95,Africa
ST.INT.RCPT.CD,Cabo Verde,CPV,64000000.00,77000000.00,100000000.00,135000000.00,153000000.00,177000000.00,280000000.00,375000000.00,432000000.00,349000000.00,387000000.00,438000000.00,452000000.00,483000000.00,453000000.00,380000000.00,397000000.00,451000000.00,520000000.00,567000000.00,169000000.00,6839000000.00,Null
ST.INT.RCPT.CD,Cambodia,KHM,345000000.00,429000000.00,509000000.00,441000000.00,673000000.00,929000000.00,1109000000.00,1169000000.00,1280000000.00,1463000000.00,1671000000.00,2258000000.00,2663000000.00,2895000000.00,3220000000.00,3419000000.00,3523000000.00,4024000000.00,4832000000.00,5312000000.00,1119000000.00,43283000000.00,Asia
ST.INT.RCPT.CD,Cameroon,CMR,132000000.00,182000000.00,124000000.00,266000000.00,212000000.00,229000000.00,231000000.00,254000000.00,167000000.00,271000000.00,171000000.00,423000000.00,377000000.00,607000000.00,629000000.00,476000000.00,508000000.00,544000000.00,633000000.00,681000000.00,437000000.00,7554000000.00,Africa
ST.INT.RCPT.CD,Canada,CAN,13035000000.00,12680000000.00,12744000000.00,12236000000.00,15135000000.00,15891000000.00,16837000000.00,17962000000.00,18190000000.00,15580000000.00,18440000000.00,19994000000.00,,,,,,,,,,189000000000.00,North America
ST.INT.RCPT.CD,Cayman Islands,CYM,559000000.00,585000000.00,607000000.00,518000000.00,523000000.00,356000000.00,509000000.00,481000000.00,518000000.00,458000000.00,465000000.00,472000000.00,489000000.00,500000000.00,565000000.00,680000000.00,708000000.00,832000000.00,911000000.00,964000000.00,,11700000000.00,Null
ST.INT.RCPT.CD,Central African Republic,CAF,5000000.00,5000000.00,3000000.00,4000000.00,7800000.19,7199999.81,10199999.81,10800000.19,11800000.19,7500000.00,14399999.62,15000000.00,15000000.00,15600000.38,,,,,,,,132300000.20,Africa
ST.INT.RCPT.CD,Chad,TCD,14000000.00,23000000.00,25000000.00,,,,,,,,,,,,,,,,,,,62000000.00,Africa
ST.INT.RCPT.CD,Channel Islands,CHI,,,,,,,,,,,,,,,,,,,,,,0.00,Null
ST.INT.RCPT.CD,Chile,CHL,1179000000.00,1184000000.00,1221000000.00,1309000000.00,1571000000.00,1608000000.00,1853000000.00,2224000000.00,2481000000.00,2380000000.00,2362000000.00,2723000000.00,3158000000.00,3171000000.00,3202000000.00,3412000000.00,3744000000.00,4115000000.00,3911000000.00,3279000000.00,1034000000.00,51121000000.00,South America
ST.INT.RCPT.CD,China,CHN,17318000000.00,19006000000.00,21742000000.00,18707000000.00,27755000000.00,,,,,,,,,,,,,,,,,105000000000.00,Asia
ST.INT.RCPT.CD,Colombia,COL,1313000000.00,1483000000.00,1237000000.00,1191000000.00,1535000000.00,1891000000.00,2370000000.00,2616000000.00,2966000000.00,3080000000.00,3473000000.00,3841000000.00,4409000000.00,4819000000.00,4941000000.00,5281000000.00,5631000000.00,5899000000.00,6655000000.00,6784000000.00,1959000000.00,73374000000.00,South America
ST.INT.RCPT.CD,Comoros,COM,15000000.00,9000000.00,10899999.62,15600000.38,21399999.62,24399999.62,27399999.62,30399999.62,37400001.53,32299999.24,35200000.76,42200000.76,39299999.24,,62799999.24,51599998.47,50500000.00,60599998.47,73699996.95,72699996.95,18500000.00,730899990.10,Africa
ST.INT.RCPT.CD,Dem. Rep. Congo,COD,,,,,,3200000.00,3100000.00,700000.00,700000.00,24000000.00,10700000.00,11400000.00,6900000.00,8400000.00,45400000.00,100000.00,4300000.00,6000000.00,60500000.00,,,185400000.00,Null
ST.INT.RCPT.CD,Congo,COG,12399999.62,22600000.38,25600000.38,30000000.00,23100000.38,,,31399999.62,37000000.00,85000000.00,39000000.00,47000000.00,68000000.00,52400001.53,56900001.53,46900001.53,42900001.53,,,,,620200006.50,Africa
ST.INT.RCPT.CD,Costa Rica,CRI,1629000000.00,1480000000.00,1429000000.00,1573000000.00,1755000000.00,2008000000.00,2066000000.00,2454000000.00,2811000000.00,2216000000.00,2426000000.00,2646000000.00,2773000000.00,3171000000.00,3137000000.00,3408000000.00,3776000000.00,3758000000.00,4073000000.00,4282000000.00,1479000000.00,54350000000.00,North America
ST.INT.RCPT.CD,Côte d'Ivoire,CIV,53000000.00,58000000.00,56000000.00,76000000.00,91000000.00,93000000.00,104000000.00,115000000.00,129000000.00,164000000.00,213000000.00,186000000.00,172500000.00,191000000.00,195000000.00,214000000.00,477000000.00,509000000.00,551000000.00,550500000.00,199300003.10,4397300003.00,Null
ST.INT.RCPT.CD,Croatia,HRV,2871000000.00,3463000000.00,3952000000.00,6513000000.00,6945000000.00,7625000000.00,8296000000.00,9617000000.00,11615000000.00,9300000000.00,8299000000.00,9598000000.00,8912000000.00,9715000000.00,10079000000.00,8207000000.00,9215000000.00,10534000000.00,11348000000.00,11974000000.00,5631853027.00,174000000000.00,Europe
ST.INT.RCPT.CD,Cuba,CUB,1948000000.00,1840000000.00,1769000000.00,1999000000.00,2114000000.00,2591000000.00,2414000000.00,2415000000.00,2535000000.00,2249000000.00,2396000000.00,2503000000.00,2614000000.00,2608000000.00,2546000000.00,2819000000.00,3069000000.00,3302000000.00,2783000000.00,2645000000.00,1152000000.00,50311000000.00,North America
ST.INT.RCPT.CD,Curacao,CUW,227000000.00,271000000.00,217000000.00,223000000.00,224000000.00,244000000.00,277000000.00,329000000.00,383000000.00,378000000.00,438000000.00,540000000.00,676000000.00,778000000.00,820000000.00,712000000.00,644000000.00,572000000.00,604000000.00,706000000.00,282000000.00,9545000000.00,Null
ST.INT.RCPT.CD,Cyprus,CYP,2137000000.00,2203000000.00,2178000000.00,2325000000.00,2552000000.00,2644000000.00,2692007568.00,3107000000.00,3232000000.00,2476000000.00,2137000000.00,2603000000.00,2603000000.00,2930000000.00,2924000000.00,2525664307.00,2870000000.00,3274000000.00,3449000000.00,3245000000.00,663000000.00,54769671875.00,Europe
ST.INT.RCPT.CD,Czechia,CZE,,,3376000000.00,4069000000.00,4931000000.00,5772000000.00,6702000000.00,7803000000.00,9228000000.00,8164000000.00,8068000000.00,8930000000.00,8174000000.00,7792000000.00,7614000000.00,6766000000.00,7041000000.00,7695000000.00,8283000000.00,7967000000.00,3890000000.00,132000000000.00,Europe
ST.INT.RCPT.CD,Denmark,DNK,3671000000.00,4003000000.00,4791000000.00,5271000000.00,5652000000.00,5293000000.00,5562000000.00,5978000000.00,6281000000.00,5617000000.00,5704000000.00,6366000000.00,6135000000.00,6490000000.00,7617000000.00,6685000000.00,7494000000.00,8508000000.00,9097000000.00,,,116000000000.00,Europe
ST.INT.RCPT.CD,Djibouti,DJI,8100000.00,8600000.00,8900000.00,6900000.00,6800000.00,7100000.00,9800000.00,6800000.00,7800000.00,16000000.00,18000000.00,19200000.00,20500000.00,21600000.00,24700000.00,30900000.00,33500000.00,36200000.00,57000000.00,,,348400000.00,Africa
ST.INT.RCPT.CD,Dominica,DMA,48000000.00,46000000.00,46000000.00,52000000.00,61000000.00,57000000.00,72000000.00,74000000.00,76000000.00,77000000.00,94000000.00,106000000.00,76000000.00,82000000.00,216000000.00,202000000.00,198000000.00,161000000.00,111000000.00,,,1855000000.00,North America
ST.INT.RCPT.CD,Dominican Rep.,DOM,2860000000.00,2798000000.00,2730000000.00,3128000000.00,3152000000.00,3518000000.00,3917000000.00,4064000000.00,4166000000.00,4049000000.00,4162000000.00,4391000000.00,4687000000.00,5055000000.00,5630000000.00,6116000000.00,6720000000.00,7184000000.00,7561000000.00,,,85888000000.00,Null
ST.INT.RCPT.CD,Ecuador,ECU,451000000.00,438000000.00,449000000.00,408000000.00,464000000.00,488000000.00,492000000.00,626000000.00,745000000.00,674000000.00,786000000.00,849000000.00,1039000000.00,1251000000.00,1487000000.00,1557000000.00,1729000000.00,2018000000.00,2279000000.00,2288000000.00,705000000.00,21223000000.00,South America
ST.INT.RCPT.CD,Egypt,EGY,4657000000.00,4119000000.00,4133000000.00,4704000000.00,6328000000.00,7206000000.00,8133000000.00,10327000000.00,12104000000.00,11757000000.00,13633000000.00,9333000000.00,10823000000.00,6747000000.00,7979000000.00,6897000000.00,3306000000.00,8636000000.00,12704000000.00,14256000000.00,4874000000.00,173000000000.00,Africa
ST.INT.RCPT.CD,El Salvador,SLV,437000000.00,452000000.00,521000000.00,664000000.00,748000000.00,656000000.00,686000000.00,793000000.00,711000000.00,549000000.00,646000000.00,729000000.00,900000000.00,1054000000.00,1285000000.00,1203000000.00,1161000000.00,1227000000.00,1370000000.00,1664000000.00,755000000.00,18211000000.00,North America
ST.INT.RCPT.CD,Equatorial Guinea,GNQ,5000000.00,14000000.00,,,,,,,,,,,,,,,,,,,,19000000.00,Africa
ST.INT.RCPT.CD,Eritrea,ERI,36000000.00,74000000.00,73000000.00,74000000.00,73000000.00,66000000.00,60000000.00,61000000.00,46000000.00,26000000.00,,,,,,,48000000.00,,,,,637000000.00,Africa
ST.INT.RCPT.CD,Estonia,EST,657000000.00,661000000.00,737000000.00,883000000.00,1111000000.00,1229000000.00,1361000000.00,1416000000.00,1643000000.00,,,,,2022000000.00,2278000000.00,1893000000.00,1911000000.00,2124000000.00,2326000000.00,2310000000.00,865000000.00,25427000000.00,Europe
ST.INT.RCPT.CD,Eswatini,SWZ,24000000.00,23000000.00,45000000.00,70040000.92,75099998.47,77300003.05,75099998.47,32200000.76,26299999.24,40099998.47,51400001.53,10100000.38,29100000.38,4199999.81,15600000.38,14199999.81,13199999.81,13199999.81,16399999.62,14300000.19,7300000.19,677140001.30,Null
ST.INT.RCPT.CD,Ethiopia,ETH,205000000.00,218000000.00,261000000.00,336000000.00,458000000.00,533000000.00,639000000.00,790000000.00,1184000000.00,1119000000.00,1434000000.00,1998000000.00,1980000000.00,2236000000.00,2107000000.00,2279000000.00,2138000000.00,2505000000.00,3548000000.00,3529000000.00,2282000000.00,31779000000.00,Africa
ST.INT.RCPT.CD,Faroe Islands,FRO,,,,,,,,,,,,,,,,,,,,,,0.00,Null
ST.INT.RCPT.CD,Fiji,FJI,291000000.00,316000000.00,384000000.00,496000000.00,588000000.00,722000000.00,684000000.00,722000000.00,952000000.00,688000000.00,825000000.00,955000000.00,989000000.00,966000000.00,1091000000.00,1094000000.00,1149000000.00,1243000000.00,1370000000.00,1345000000.00,236000000.00,17106000000.00,Oceania
ST.INT.RCPT.CD,Finland,FIN,2035000000.00,2066000000.00,2238000000.00,2679000000.00,2977000000.00,3069000000.00,3515000000.00,4287000000.00,4875000000.00,4072000000.00,4496000000.00,5615000000.00,5418000000.00,5774000000.00,5409000000.00,4011000000.00,4017000000.00,5210000000.00,5762000000.00,5944000000.00,1757000000.00,85226000000.00,Europe
ST.INT.RCPT.CD,France,FRA,38706000000.00,37826000000.00,41113000000.00,46576000000.00,53068000000.00,52126000000.00,54615000000.00,63890000000.00,68034000000.00,58906000000.00,56178000000.00,66133000000.00,63975000000.00,66054000000.00,67402000000.00,66441000000.00,63557000000.00,67717000000.00,72518000000.00,70776000000.00,35958000000.00,1210000000000.00,Europe
ST.INT.RCPT.CD,French Polynesia,PYF,,,471000000.00,651000000.00,737000000.00,759000000.00,,,737000000.00,618000000.00,630000000.00,725000000.00,720000000.00,746000000.00,835000000.00,758000000.00,782000000.00,,,,,9169000000.00,Null
ST.INT.RCPT.CD,Gabon,GAB,99000000.00,46000000.00,77000000.00,84000000.00,74000000.00,13000000.00,,26000000.00,26500000.00,26200000.76,89000000.00,25399999.62,39500000.00,61200000.76,43500000.00,28700000.76,,,,,,759000001.90,Africa
ST.INT.RCPT.CD,Gambia,GMB,,,,58000000.00,51000000.00,59000000.00,69000000.00,87000000.00,80199996.95,64000000.00,80000000.00,86000000.00,104000000.00,78000000.00,110000000.00,92000000.00,88000000.00,128000000.00,174000000.00,157000000.00,53000000.00,1618199997.00,Africa
ST.INT.RCPT.CD,Georgia,GEO,107000000.00,136000000.00,144000000.00,172000000.00,209000000.00,287000000.00,361000000.00,440000000.00,505000000.00,537000000.00,737000000.00,1069000000.00,1565000000.00,1916000000.00,1972000000.00,2049000000.00,2315000000.00,2971000000.00,3518000000.00,3551000000.00,586000000.00,25147000000.00,Europe
ST.INT.RCPT.CD,Germany,DEU,24943000000.00,24182000000.00,26717000000.00,30129000000.00,36417000000.00,40518000000.00,45560000000.00,49320000000.00,53402000000.00,47499000000.00,49116000000.00,53465000000.00,51626000000.00,55486000000.00,58721000000.00,50669000000.00,52234000000.00,55750000000.00,59446000000.00,58372000000.00,,924000000000.00,Europe
ST.INT.RCPT.CD,Ghana,GHA,357000000.00,374000000.00,383000000.00,441000000.00,495000000.00,867000000.00,910000000.00,990000000.00,970000000.00,849000000.00,706000000.00,797000000.00,1154000000.00,1010000000.00,1027000000.00,911000000.00,952000000.00,919000000.00,996000000.00,1490000000.00,191000000.00,16789000000.00,Africa
ST.INT.RCPT.CD,Gibraltar,GIB,,,,,,,,,,,,,,,,,,,,,,0.00,Null
ST.INT.RCPT.CD,Greece,GRC,9264000000.00,9219000000.00,10012000000.00,10852000000.00,12815000000.00,13455000000.00,14502000000.00,15683000000.00,17608000000.00,16038000000.00,13857000000.00,16269000000.00,14665000000.00,17433000000.00,19489000000.00,17547000000.00,16811000000.00,19139000000.00,21594000000.00,23003000000.00,6193000000.00,315000000000.00,Europe
ST.INT.RCPT.CD,Greenland,GRL,,,,,,,,,,,,,,,,,,,,,,0.00,Null
ST.INT.RCPT.CD,Grenada,GRD,93000000.00,83000000.00,91000000.00,104000000.00,86000000.00,71000000.00,94000000.00,129000000.00,127000000.00,112000000.00,112000000.00,117000000.00,122000000.00,120000000.00,388000000.00,422000000.00,437000000.00,482000000.00,548000000.00,,,3738000000.00,North America
ST.INT.RCPT.CD,Guam,GUM,,,,,,,,,,,,,,,,,,,,,,0.00,Null
ST.INT.RCPT.CD,Guatemala,GTM,498000000.00,588000000.00,647000000.00,646000000.00,630000000.00,791000000.00,919000000.00,1055000000.00,1098300049.00,1086300049.00,1053300049.00,1077400024.00,1110000000.00,1160699951.00,1164400024.00,1169500000.00,1202699951.00,1217599976.00,1235099976.00,1227199951.00,298500000.00,19875000000.00,North America
ST.INT.RCPT.CD,Guinea,GIN,7800000.19,8199999.81,,,,,,1100000.02,2400000.10,4900000.10,2039999.96,2119999.89,1679999.95,,17100000.38,27000000.00,16600000.38,16600000.38,4699999.81,10399999.62,1289999.96,123930000.50,Africa
ST.INT.RCPT.CD,Guinea-Bissau,GNB,,,,2400000.10,2200000.05,,,,,,13600000.38,14500000.00,6800000.19,,,,,16440000.53,20000000.00,18920000.08,,94860001.33,Africa
ST.INT.RCPT.CD,Guyana,GUY,80000000.00,65000000.00,53000000.00,28000000.00,,,,,,,,,,,,,,,,,,226000000.00,South America
ST.INT.RCPT.CD,Haiti,HTI,128000000.00,105000000.00,108000000.00,96000000.00,93000000.00,80000000.00,126000000.00,190000000.00,360000000.00,416000000.00,383000000.00,456000000.00,447000000.00,546000000.00,578000000.00,609000000.00,511000000.00,460000000.00,620000000.00,,,6312000000.00,North America
ST.INT.RCPT.CD,Honduras,HND,263000000.00,260000000.00,305000000.00,372000000.00,420000000.00,465000000.00,515700012.20,546599975.60,619799987.80,616099975.60,626700012.20,641500000.00,683700012.20,618000000.00,706000000.00,671000000.00,585000000.00,610000000.00,601000000.00,556000000.00,189000000.00,10871099976.00,North America
ST.INT.RCPT.CD,"Hong Kong SAR, China",HKG,8198000000.00,7923000000.00,9849000000.00,9004000000.00,11874000000.00,13588000000.00,15541000000.00,18237000000.00,20236000000.00,20291000000.00,27208000000.00,33169000000.00,37098000000.00,42426000000.00,46352000000.00,42491000000.00,37838000000.00,38170000000.00,42313000000.00,32697000000.00,,515000000000.00,Null
ST.INT.RCPT.CD,Hungary,HUN,3809000000.00,4191000000.00,3774000000.00,4119000000.00,4009000000.00,4761000000.00,4998000000.00,5628000000.00,7533000000.00,7013000000.00,6595000000.00,7239000000.00,6149000000.00,6671000000.00,7483000000.00,6929000000.00,7481000000.00,8448000000.00,9618000000.00,10225000000.00,4224000000.00,131000000000.00,Europe
ST.INT.RCPT.CD,Iceland,ISL,386000000.00,383000000.00,415000000.00,486000000.00,558000000.00,635000000.00,702000000.00,848000000.00,881000000.00,,,,,,,,,,,,,5294000000.00,Europe
ST.INT.RCPT.CD,India,IND,3598000000.00,3342000000.00,3300000000.00,4560000000.00,6307000000.00,7659000000.00,8915000000.00,11234000000.00,12462000000.00,,,,18340000000.00,19042000000.00,20756000000.00,21472000000.00,23111000000.00,27878000000.00,29143000000.00,31661000000.00,13413000000.00,266000000000.00,Asia
ST.INT.RCPT.CD,Indonesia,IDN,,,5797000000.00,4461000000.00,5226000000.00,5094000000.00,4890000000.00,5831000000.00,8150000000.00,6053000000.00,7618000000.00,9038000000.00,9463000000.00,10302000000.00,11567000000.00,12054000000.00,12566000000.00,14691000000.00,17915000000.00,18405000000.00,3533000000.00,173000000000.00,Asia
ST.INT.RCPT.CD,Iran,IRN,677000000.00,1122000000.00,1607000000.00,1266000000.00,1305000000.00,1025000000.00,1464000000.00,1950000000.00,1978000000.00,2259000000.00,2631000000.00,2489000000.00,2483000000.00,3306000000.00,4197000000.00,4771000000.00,4634000000.00,4531000000.00,5252000000.00,,,48947000000.00,Asia
ST.INT.RCPT.CD,Iraq,IRQ,,,,,,186000000.00,170000000.00,555000000.00,867000000.00,1432000000.00,1736000000.00,1557000000.00,1640000000.00,1682000000.00,1938000000.00,2833000000.00,3120000000.00,2959000000.00,1986000000.00,3593000000.00,955000000.00,27209000000.00,Asia
ST.INT.RCPT.CD,Ireland,IRL,3517000000.00,3789000000.00,4228000000.00,5206000000.00,6075000000.00,6779000000.00,7668000000.00,9260000000.00,9972000000.00,8465000000.00,8185000000.00,9532000000.00,9255000000.00,10165000000.00,11101000000.00,11476000000.00,12649000000.00,14294000000.00,15276000000.00,14808000000.00,4160000000.00,186000000000.00,Europe
ST.INT.RCPT.CD,Isle of Man,IMN,,,,,,,,,,,,,,,,,,,,,,0.00,Null
ST.INT.RCPT.CD,Israel,ISR,4611000000.00,2854000000.00,2426000000.00,2473000000.00,2908000000.00,3750000000.00,3736000000.00,4325000000.00,5401000000.00,4937000000.00,5638000000.00,5886000000.00,6183000000.00,6600000000.00,6616000000.00,6605000000.00,6616000000.00,7602000000.00,8048000000.00,8459000000.00,2661000000.00,108000000000.00,Asia
ST.INT.RCPT.CD,Italy,ITA,28712000000.00,26924000000.00,28213000000.00,32623000000.00,37893000000.00,38364000000.00,41666000000.00,46134000000.00,,,,,,,,41415000000.00,42423000000.00,46719000000.00,51602000000.00,51910000000.00,20459000000.00,535000000000.00,Europe
ST.INT.RCPT.CD,Jamaica,JAM,1577000000.00,1494000000.00,1482000000.00,1621000000.00,1733000000.00,1783000000.00,2094000000.00,2142000000.00,2222000000.00,2070000000.00,2095000000.00,2060000000.00,,,,,,,,,,22373000000.00,North America
ST.INT.RCPT.CD,Japan,JPN,5970000000.00,5750000000.00,6069000000.00,11475000000.00,14343000000.00,15554000000.00,11490000000.00,12422000000.00,13781000000.00,12537000000.00,15356000000.00,12533000000.00,16197000000.00,16865000000.00,20790000000.00,27285000000.00,33456000000.00,36978000000.00,45276000000.00,49209000000.00,11395000000.00,395000000000.00,Asia
ST.INT.RCPT.CD,Jordan,JOR,935000000.00,884000000.00,1254000000.00,1266000000.00,1621000000.00,1759000000.00,2426000000.00,2754000000.00,3539000000.00,3472000000.00,4390000000.00,4351000000.00,5123000000.00,5145000000.00,5518000000.00,4968000000.00,4943000000.00,5549000000.00,6221000000.00,6765000000.00,1745000000.00,74628000000.00,Asia
ST.INT.RCPT.CD,Kazakhstan,KAZ,403000000.00,502000000.00,680000000.00,638000000.00,803000000.00,801000000.00,973000000.00,1214000000.00,1255000000.00,1185000000.00,1236000000.00,1524000000.00,2154000000.00,2365000000.00,2239000000.00,1833000000.00,2038000000.00,2356000000.00,2651000000.00,2922000000.00,589000000.00,30361000000.00,Asia
ST.INT.RCPT.CD,Kenya,KEN,500000000.00,536000000.00,513000000.00,619000000.00,799000000.00,969000000.00,1181000000.00,1514000000.00,1398000000.00,1124000000.00,1620000000.00,1844000000.00,2004000000.00,1829000000.00,1745000000.00,1596000000.00,1472000000.00,1564000000.00,1784000000.00,1762000000.00,,26373000000.00,Africa
ST.INT.RCPT.CD,Kiribati,KIR,2700000.05,3200000.05,,,,3099999.91,,,,,,,,,,,,5170000.08,,,,14170000.08,Oceania
ST.INT.RCPT.CD,North Korea,PRK,,,,,,,,,,,,,,,,,,,,,,0.00,Asia
ST.INT.RCPT.CD,South Korea,KOR,8527000000.00,7917000000.00,7617000000.00,7002000000.00,8222000000.00,8282000000.00,8437000000.00,9253000000.00,13440000000.00,13262000000.00,14315000000.00,17329000000.00,18731000000.00,19457000000.00,22390000000.00,18711000000.00,20924000000.00,17173000000.00,23104000000.00,25456000000.00,11776000000.00,301000000000.00,Asia
ST.INT.RCPT.CD,Kosovo,XKX,,,,,,,,,,,,,,,,,,,,,,0.00,Null
ST.INT.RCPT.CD,Kuwait,KWT,394000000.00,286000000.00,320000000.00,328000000.00,398000000.00,413000000.00,508000000.00,530000000.00,610000000.00,660000000.00,574000000.00,644000000.00,780000000.00,619000000.00,615000000.00,931000000.00,831000000.00,643000000.00,919000000.00,1198000000.00,524000000.00,12725000000.00,Asia
ST.INT.RCPT.CD,Kyrgyz Republic,KGZ,20000000.00,32000000.00,48000000.00,62000000.00,92000000.00,94000000.00,189000000.00,392000000.00,569000000.00,300000000.00,212000000.00,405000000.00,486000000.00,585000000.00,468000000.00,482000000.00,477000000.00,480000000.00,518000000.00,708000000.00,195000000.00,6814000000.00,Null
ST.INT.RCPT.CD,Laos,LAO,,108000000.00,110000000.00,77000000.00,122000000.00,143000000.00,160000000.00,190000000.00,280000000.00,271000000.00,385000000.00,413000000.00,461000000.00,613000000.00,642400024.40,725000000.00,717000000.00,655000000.00,833000000.00,974000000.00,227000000.00,8106400024.00,Asia
ST.INT.RCPT.CD,Latvia,LVA,172000000.00,153000000.00,201000000.00,271000000.00,343000000.00,446000000.00,622000000.00,880000000.00,,,,,,,,,,,,,,3088000000.00,Europe
ST.INT.RCPT.CD,Lebanon,LBN,742000000.00,837000000.00,,6782000000.00,5931000000.00,5969000000.00,5457000000.00,5796000000.00,6317000000.00,7157000000.00,8026000000.00,6797000000.00,7361000000.00,7032000000.00,6835000000.00,7087000000.00,7373000000.00,8086000000.00,8694000000.00,8717000000.00,2369000000.00,123000000000.00,Asia
ST.INT.RCPT.CD,Lesotho,LSO,,,,,,,,,,,,,,,,,,,,,,0.00,Africa
ST.INT.RCPT.CD,Liberia,LBR,,,,,59000000.00,67000000.00,124000000.00,131000000.00,158000000.00,123000000.00,,,,,,,,,,,,662000000.00,Africa
ST.INT.RCPT.CD,Libya,LBY,84000000.00,90000000.00,202000000.00,243000000.00,261000000.00,301000000.00,244000000.00,99000000.00,99000000.00,159000000.00,170000000.00,,,,,,,,,,,1952000000.00,Africa
ST.INT.RCPT.CD,Liechtenstein,LIE,,,,,,,,,,,,,,,,,,,,,,0.00,Europe
ST.INT.RCPT.CD,Lithuania,LTU,430000000.00,425000000.00,556000000.00,700000000.00,834000000.00,,,,,,,,,,,,,,,,,2945000000.00,Europe
ST.INT.RCPT.CD,Luxembourg,LUX,,,2497000000.00,3051000000.00,3824000000.00,3770000000.00,3819000000.00,4351000000.00,4918000000.00,4546000000.00,4519000000.00,5358000000.00,5395000000.00,5629000000.00,6033000000.00,6182000000.00,5606000000.00,5472000000.00,5642000000.00,5645000000.00,4454000000.00,90711000000.00,Europe
ST.INT.RCPT.CD,"Macao SAR, China",MAC,3205000000.00,3745000000.00,4428000000.00,5225000000.00,7431000000.00,7181000000.00,8482000000.00,11198000000.00,13749000000.00,15182000000.00,22688000000.00,31118000000.00,36593000000.00,43755000000.00,43412000000.00,31620000000.00,31155000000.00,36595000000.00,41478000000.00,41166000000.00,9442000000.00,449000000000.00,Null
ST.INT.RCPT.CD,Madagascar,MDG,152000000.00,149000000.00,109000000.00,119000000.00,239000000.00,275000000.00,382000000.00,395000000.00,440000000.00,328000000.00,425000000.00,507000000.00,596000000.00,609000000.00,740000000.00,696000000.00,912000000.00,849000000.00,879000000.00,951000000.00,202000000.00,9954000000.00,Africa
ST.INT.RCPT.CD,Malawi,MWI,29000000.00,40000000.00,45000000.00,66000000.00,75000000.00,48000000.00,45000000.00,43000000.00,43000000.00,46000000.00,45000000.00,36000000.00,35000000.00,33000000.00,36000000.00,39000000.00,30000000.00,35000000.00,55000000.00,62000000.00,35000000.00,921000000.00,Africa
ST.INT.RCPT.CD,Malaysia,MYS,5873000000.00,7627000000.00,8084000000.00,6799000000.00,9183000000.00,10389000000.00,12280000000.00,17948000000.00,18553000000.00,17231000000.00,19619000000.00,21338000000.00,21711000000.00,23283000000.00,24469000000.00,19194000000.00,19682000000.00,20311000000.00,21775000000.00,22200000000.00,3386000000.00,331000000000.00,Asia
ST.INT.RCPT.CD,Maldives,MDV,,,,,,,,,,,,1966000000.00,2032000000.00,2422000000.00,2811000000.00,2691000000.00,2640000000.00,2771000000.00,3054000000.00,3171000000.00,1409000000.00,24967000000.00,Asia
ST.INT.RCPT.CD,Mali,MLI,47000000.00,91000000.00,105000000.00,136000000.00,142000000.00,149000000.00,175399993.90,227000000.00,286000000.00,196000000.00,208000000.00,218000000.00,144000000.00,178199996.90,213899993.90,186000000.00,201600006.10,206399993.90,231000000.00,,,3341499985.00,Africa
ST.INT.RCPT.CD,Malta,MLT,731000000.00,704000000.00,757000000.00,869000000.00,949000000.00,924000000.00,966000000.00,1185000000.00,,,,,,,,,,,,,,7085000000.00,Europe
ST.INT.RCPT.CD,Marshall Islands,MHL,3000000.00,3099999.91,3400000.10,4000000.00,5000000.00,3690000.06,3579999.92,3299999.95,2700000.05,3099999.91,3700000.05,4780000.21,4090000.15,4300000.19,5400000.10,1500000.00,30399999.62,18100000.38,20100000.38,,,127240001.00,Oceania
ST.INT.RCPT.CD,Mauritania,MRT,,,,,,,,,,,,,50000000.00,50000000.00,42000000.00,31000000.00,33000000.00,24000000.00,6000000.00,13699999.81,6400000.10,256099999.90,Africa
ST.INT.RCPT.CD,Mauritius,MUS,732000000.00,820000000.00,829000000.00,960000000.00,1156000000.00,1189000000.00,1302000000.00,1663000000.00,1823000000.00,1390000000.00,1585000000.00,1808000000.00,1778000000.00,1593000000.00,1719000000.00,1680000000.00,1824000000.00,2005000000.00,2161000000.00,2024000000.00,518000000.00,30559000000.00,Africa
ST.INT.RCPT.CD,Mexico,MEX,9133000000.00,9190000000.00,9547000000.00,10058000000.00,11609000000.00,12801000000.00,13329000000.00,14055000000.00,14726000000.00,12542000000.00,12628000000.00,12458000000.00,13320000000.00,14311000000.00,16606000000.00,18729000000.00,20619000000.00,22467000000.00,23802000000.00,25847000000.00,11449000000.00,309000000000.00,North America
ST.INT.RCPT.CD,"Micronesia, Fed. Sts.",FSM,17000000.00,14699999.81,16799999.24,16700000.76,19000000.00,21000000.00,23000000.00,25000000.00,27000000.00,,,,,,,,,,,,,180199999.80,Null
ST.INT.RCPT.CD,Moldova,MDA,57000000.00,58000000.00,72000000.00,79000000.00,112000000.00,138000000.00,150000000.00,229000000.00,293000000.00,240000000.00,222000000.00,253000000.00,279000000.00,324000000.00,328000000.00,300000000.00,344000000.00,442000000.00,500000000.00,527000000.00,354000000.00,5301000000.00,Europe
ST.INT.RCPT.CD,Monaco,MCO,,,,,,,,,,,,,,,,,,,,,,0.00,Europe
ST.INT.RCPT.CD,Mongolia,MNG,43000000.00,49000000.00,143000000.00,154000000.00,205000000.00,203000000.00,261000000.00,349000000.00,272000000.00,253000000.00,288000000.00,197000000.00,215000000.00,236000000.00,257000000.00,279000000.00,379000000.00,462000000.00,526000000.00,605000000.00,49000000.00,5425000000.00,Asia
ST.INT.RCPT.CD,Montenegro,MNE,,,,,,,,660000000.00,859000000.00,792000000.00,765000000.00,926000000.00,860000000.00,929000000.00,959000000.00,947000000.00,978000000.00,1110000000.00,1224000000.00,1276000000.00,180000000.00,12465000000.00,Europe
ST.INT.RCPT.CD,Morocco,MAR,2280000000.00,2966000000.00,3157000000.00,3802000000.00,4540000000.00,5426000000.00,6900000000.00,8307000000.00,8885000000.00,7980000000.00,8176000000.00,9101000000.00,8491000000.00,8201000000.00,9070000000.00,7765000000.00,7922000000.00,9086000000.00,9520000000.00,9949000000.00,4514000000.00,146000000000.00,Africa
ST.INT.RCPT.CD,Mozambique,MOZ,,,65000000.00,106000000.00,96000000.00,138000000.00,145000000.00,182000000.00,213000000.00,217000000.00,135000000.00,171000000.00,224000000.00,228000000.00,225000000.00,202000000.00,114000000.00,164000000.00,331000000.00,324000000.00,113000000.00,3393000000.00,Africa
ST.INT.RCPT.CD,Myanmar,MMR,195000000.00,132000000.00,136000000.00,70000000.00,97000000.00,83000000.00,59000000.00,97000000.00,80000000.00,75000000.00,91000000.00,334000000.00,550000000.00,964000000.00,1687000000.00,2199000000.00,2289000000.00,1988000000.00,1670000000.00,2501000000.00,,15297000000.00,Asia
ST.INT.RCPT.CD,Namibia,NAM,145000000.00,250000000.00,244000000.00,383000000.00,426000000.00,362000000.00,474000000.00,541000000.00,485000000.00,507000000.00,471000000.00,516000000.00,416000000.00,357000000.00,552000000.00,540000000.00,295000000.00,449000000.00,488000000.00,451000000.00,155000000.00,8507000000.00,Africa
ST.INT.RCPT.CD,Nauru,NRU,,,,,,,,,600000.00,500000.00,600000.00,1000000.00,1000000.00,1500000.00,6800000.00,1700000.00,3400000.00,3900000.00,1600000.00,,,22600000.00,Oceania
ST.INT.RCPT.CD,Nepal,NPL,219000000.00,191000000.00,134000000.00,232000000.00,260000000.00,160000000.00,157000000.00,234000000.00,353000000.00,439000000.00,378000000.00,415000000.00,379000000.00,460000000.00,511000000.00,509000000.00,498000000.00,712000000.00,740000000.00,801000000.00,238000000.00,8020000000.00,Asia
ST.INT.RCPT.CD,Netherlands,NLD,11285000000.00,11147000000.00,11745000000.00,14603000000.00,16495000000.00,,,,,,,,17675000000.00,19429000000.00,19669000000.00,17558000000.00,19421800781.00,21844699219.00,23919099609.00,23723900391.00,10926200195.00,239000000000.00,Europe
ST.INT.RCPT.CD,New Caledonia,NCL,,,,,,,,,267000000.00,236000000.00,226000000.00,285000000.00,288000000.00,287000000.00,287000000.00,246000000.00,248000000.00,,,,,2370000000.00,Null
ST.INT.RCPT.CD,New Zealand,NZL,2272000000.00,2340000000.00,3159000000.00,4232000000.00,5098000000.00,6486000000.00,6148000000.00,7190000000.00,6961000000.00,5979000000.00,6523000000.00,7295000000.00,7142000000.00,7434000000.00,8582000000.00,9464000000.00,9773000000.00,10594000000.00,10961000000.00,,,128000000000.00,Oceania
ST.INT.RCPT.CD,Nicaragua,NIC,,,,,,,,,,,,,,,,,,,,,,0.00,North America
ST.INT.RCPT.CD,Niger,NER,23100000.38,30100000.38,20200000.76,27500000.00,32299999.24,43900001.53,39000000.00,44000000.00,86000000.00,69000000.00,105500000.00,54000000.00,51000000.00,59000000.00,100000000.00,80000000.00,84000000.00,91000000.00,114000000.00,130000000.00,,1283600002.00,Africa
ST.INT.RCPT.CD,Nigeria,NGA,186000000.00,168000000.00,256000000.00,58000000.00,49000000.00,139000000.00,209000000.00,337000000.00,958000000.00,791000000.00,736000000.00,688000000.00,638000000.00,616000000.00,605000000.00,461000000.00,1088000000.00,2615000000.00,1977000000.00,1471000000.00,321000000.00,14367000000.00,Africa
ST.INT.RCPT.CD,North Macedonia,MKD,88000000.00,49000000.00,55000000.00,86000000.00,103000000.00,116000000.00,156000000.00,219000000.00,262000000.00,232000000.00,199000000.00,242000000.00,237000000.00,270000000.00,298000000.00,268000000.00,283000000.00,331000000.00,387000000.00,401000000.00,253000000.00,4535000000.00,Null
ST.INT.RCPT.CD,Northern Mariana Islands,MNP,,,,,,,,,,,,,,,,,,,,,,0.00,Null
ST.INT.RCPT.CD,Norway,NOR,2521000000.00,2380000000.00,2581000000.00,2989000000.00,3531000000.00,4243000000.00,4289000000.00,5322000000.00,5702000000.00,4949000000.00,5299000000.00,6565000000.00,6784000000.00,7175000000.00,7503000000.00,6370000000.00,6285000000.00,6565000000.00,7280000000.00,7040000000.00,2196000000.00,108000000000.00,Europe
ST.INT.RCPT.CD,Oman,OMN,377000000.00,538000000.00,539000000.00,546000000.00,601000000.00,627000000.00,749000000.00,905000000.00,1105000000.00,1092000000.00,1072000000.00,1515000000.00,1723000000.00,1888000000.00,1971000000.00,2247000000.00,2324000000.00,2629000000.00,2874000000.00,3077000000.00,669000000.00,29068000000.00,Asia
ST.INT.RCPT.CD,Pakistan,PAK,551000000.00,533000000.00,562000000.00,620000000.00,765000000.00,828000000.00,919000000.00,912000000.00,986000000.00,950000000.00,998000000.00,1127000000.00,1014000000.00,938000000.00,971000000.00,915000000.00,790000000.00,865000000.00,845000000.00,992000000.00,765000000.00,17846000000.00,Asia
ST.INT.RCPT.CD,Palau,PLW,,,,,,63000000.00,60000000.00,68000000.00,78000000.00,76000000.00,76000000.00,94000000.00,109000000.00,117000000.00,131000000.00,156000000.00,148000000.00,123000000.00,,,,1299000000.00,Oceania
ST.INT.RCPT.CD,Panama,PAN,628000000.00,665000000.00,710000000.00,804000000.00,903000000.00,1108000000.00,1425000000.00,1806000000.00,2208000000.00,2280000000.00,2621000000.00,3630000000.00,4585000000.00,5419000000.00,5749000000.00,5754000000.00,6283000000.00,6827000000.00,7139000000.00,7052000000.00,1841000000.00,69437000000.00,North America
ST.INT.RCPT.CD,Papua New Guinea,PNG,,,,4900000.10,7099999.91,9399999.62,3930000.07,4500000.00,3700000.05,,2400000.10,5099999.91,,3700000.05,2799999.95,,1600000.02,15260000.23,4230000.02,,,68620000.00,Oceania
ST.INT.RCPT.CD,Paraguay,PRY,88000000.00,91000000.00,76000000.00,81000000.00,87000000.00,96000000.00,112000000.00,121000000.00,128000000.00,225000000.00,243000000.00,261000000.00,291000000.00,299000000.00,314000000.00,348000000.00,356000000.00,399000000.00,393000000.00,409000000.00,104000000.00,4522000000.00,South America
ST.INT.RCPT.CD,Peru,PER,861000000.00,763000000.00,836000000.00,1023000000.00,1232000000.00,1438000000.00,1775000000.00,2007000000.00,2396000000.00,2440000000.00,2475000000.00,2814000000.00,3074000000.00,3916000000.00,3907000000.00,4140000000.00,4288000000.00,4439000000.00,4505000000.00,4703000000.00,1002000000.00,54034000000.00,South America
ST.INT.RCPT.CD,Philippines,PHL,2334000000.00,2011000000.00,2018000000.00,1821000000.00,2390000000.00,2863000000.00,4051000000.00,5523000000.00,3293000000.00,2916000000.00,3441000000.00,4053000000.00,4963000000.00,5599000000.00,6059000000.00,6414000000.00,6289000000.00,8349000000.00,9715000000.00,11455000000.00,2769000000.00,98326000000.00,Asia
ST.INT.RCPT.CD,Poland,POL,6128000000.00,5121000000.00,4971000000.00,4733000000.00,6521000000.00,7161000000.00,8153000000.00,11729000000.00,12897000000.00,9888000000.00,9875000000.00,11471000000.00,11704000000.00,12242000000.00,12691000000.00,11164000000.00,11922000000.00,13925000000.00,15569000000.00,15712000000.00,8379000000.00,212000000000.00,Europe
ST.INT.RCPT.CD,Portugal,PRT,6029000000.00,6264000000.00,6643000000.00,7687000000.00,8902000000.00,9038000000.00,10487000000.00,12945000000.00,14081000000.00,12357000000.00,12984000000.00,14911000000.00,14578000000.00,16080000000.00,17577000000.00,16007000000.00,17347000000.00,21586000000.00,24366000000.00,24592000000.00,10522000000.00,285000000000.00,Europe
ST.INT.RCPT.CD,Puerto Rico,PRI,2388000000.00,2728000000.00,2486000000.00,2677000000.00,3024000000.00,3239000000.00,3369000000.00,3414000000.00,3535000000.00,3176000000.00,3211000000.00,3143000000.00,3193000000.00,3311000000.00,3439000000.00,3825000000.00,3974000000.00,3868000000.00,3303000000.00,3612000000.00,2921000000.00,67836000000.00,Null
ST.INT.RCPT.CD,Qatar,QAT,,,,,,,,,,,,4463000000.00,7220000000.00,8452000000.00,10576000000.00,12131000000.00,12593000000.00,15757000000.00,15239000000.00,15647000000.00,14318000000.00,116000000000.00,Asia
ST.INT.RCPT.CD,Romania,ROU,394000000.00,419000000.00,400000000.00,523000000.00,607000000.00,1324000000.00,1675000000.00,2073000000.00,2626000000.00,1688000000.00,1631000000.00,2016000000.00,1904000000.00,2307000000.00,2388000000.00,2229000000.00,2474000000.00,3553000000.00,3879000000.00,4240000000.00,1611000000.00,39961000000.00,Europe
ST.INT.RCPT.CD,Russia,RUS,,4726000000.00,5278000000.00,5879000000.00,7262000000.00,7805000000.00,9720000000.00,12426000000.00,15821000000.00,12369000000.00,13239000000.00,16961000000.00,17876000000.00,20198000000.00,19451000000.00,13186000000.00,12822000000.00,14938000000.00,18735000000.00,17235000000.00,4961000000.00,251000000000.00,Asia
ST.INT.RCPT.CD,Rwanda,RWA,27000000.00,29000000.00,,,,67000000.00,148000000.00,177000000.00,224000000.00,223000000.00,224000000.00,298000000.00,337000000.00,364000000.00,376000000.00,427000000.00,443000000.00,496500000.00,547000000.00,635900024.40,212000000.00,5255400024.00,Africa
ST.INT.RCPT.CD,Samoa,WSM,,,,,70000000.00,73800003.05,88400001.53,102400001.50,111599998.50,115199996.90,123699996.90,134899993.90,148199996.90,137199996.90,147699996.90,142399993.90,148699996.90,167000000.00,192300003.10,206100006.10,23059999.47,2132659983.00,Oceania
ST.INT.RCPT.CD,San Marino,SMR,,,,,,,,,,,,,,,,,,,,,,0.00,Europe
ST.INT.RCPT.CD,Sao Tome and Principe,STP,9900000.00,6200000.00,6900000.00,7400000.00,7700000.00,7300000.00,6700000.00,5000000.00,7700000.00,8300000.00,11100000.00,15900000.00,15000000.00,30900000.00,56100000.00,62500000.00,69100000.00,65900000.00,71900000.00,,,471500000.00,Africa
ST.INT.RCPT.CD,Saudi Arabia,SAU,,,,3418000000.00,,,,6907000000.00,6775000000.00,6744000000.00,7536000000.00,9317000000.00,8400000000.00,8690000000.00,9263000000.00,11183000000.00,13438000000.00,15020000000.00,16974000000.00,19849000000.00,5960000000.00,149000000000.00,Asia
ST.INT.RCPT.CD,Senegal,SEN,152000000.00,175000000.00,210000000.00,269000000.00,286000000.00,334000000.00,329000000.00,622000000.00,640000000.00,475000000.00,464000000.00,525000000.00,469000000.00,495000000.00,482000000.00,417000000.00,439000000.00,470000000.00,557000000.00,,,7810000000.00,Africa
ST.INT.RCPT.CD,Serbia,SRB,,,77000000.00,159000000.00,220000000.00,308000000.00,416000000.00,1018000000.00,1114000000.00,986000000.00,950000000.00,1149000000.00,1080000000.00,1221000000.00,1352000000.00,1322000000.00,1461000000.00,1706000000.00,1941000000.00,2000000000.00,1422000000.00,19902000000.00,Europe
ST.INT.RCPT.CD,Seychelles,SYC,225000000.00,221000000.00,247000000.00,258000000.00,256000000.00,269000000.00,323000000.00,396000000.00,408000000.00,349000000.00,352000000.00,380000000.00,429000000.00,484000000.00,481000000.00,483000000.00,505000000.00,585000000.00,611000000.00,618000000.00,228000000.00,8108000000.00,Africa
ST.INT.RCPT.CD,Sierra Leone,SLE,10000000.00,14000000.00,38000000.00,60000000.00,58000000.00,64000000.00,23000000.00,22000000.00,34000000.00,25000000.00,26000000.00,44000000.00,47000000.00,66000000.00,35000000.00,37000000.00,41000000.00,39000000.00,39000000.00,,,722000000.00,Africa
ST.INT.RCPT.CD,Singapore,SGP,5142000000.00,4641000000.00,4458000000.00,3842000000.00,5327000000.00,6209000000.00,7536000000.00,9066000000.00,10615000000.00,9225000000.00,14178000000.00,17929000000.00,18795000000.00,19231000000.00,19161000000.00,16617000000.00,18944000000.00,19891000000.00,20416000000.00,,,231000000000.00,Asia
ST.INT.RCPT.CD,Sint Maarten (Dutch part),SXM,,,,,,,,665000000.00,667000000.00,619000000.00,681000000.00,729000000.00,854000000.00,871000000.00,922000000.00,913000000.00,871000000.00,646000000.00,468000000.00,708000000.00,243000000.00,9857000000.00,Null
ST.INT.RCPT.CD,Slovakia,SVK,441000000.00,649000000.00,742000000.00,876000000.00,931000000.00,1282000000.00,1655000000.00,2352000000.00,3096000000.00,2541000000.00,2334000000.00,2515000000.00,2365000000.00,2702000000.00,2642000000.00,2480000000.00,2812000000.00,3024000000.00,3318000000.00,3350000000.00,1303000000.00,43410000000.00,Europe
ST.INT.RCPT.CD,Slovenia,SVN,1016000000.00,1059000000.00,1152000000.00,1427000000.00,1725000000.00,1894000000.00,2075000000.00,2464000000.00,2955000000.00,2817000000.00,2808000000.00,3048000000.00,2793000000.00,2966000000.00,3052000000.00,2594000000.00,2717899902.00,3055100098.00,3377500000.00,3353100098.00,1418000000.00,49766600098.00,Europe
ST.INT.RCPT.CD,Solomon Islands,SLB,4000000.00,8800000.19,800000.01,1600000.02,3519999.98,6400000.10,30899999.62,33099998.47,31200000.76,39299999.24,50799999.24,65900001.53,65400001.53,70500000.00,64800003.05,60000000.00,71000000.00,79000000.00,92000000.00,82000000.00,7000000.00,868020003.70,Oceania
ST.INT.RCPT.CD,Somalia,SOM,,,,,,,,,,,,,,,,,,,,,,0.00,Africa
ST.INT.RCPT.CD,South Africa,ZAF,3338000000.00,3256000000.00,3695000000.00,6674000000.00,7571000000.00,8629000000.00,9211000000.00,10226000000.00,9178000000.00,8684000000.00,10309000000.00,10706000000.00,11202000000.00,10468000000.00,10484000000.00,9140000000.00,8807000000.00,9706000000.00,9789000000.00,9064000000.00,2716000000.00,173000000000.00,Africa
ST.INT.RCPT.CD,South Sudan,SSD,,,,,,,,,,,,,,,,22000000.00,23500000.00,26000000.00,12000000.00,,,83500000.00,Africa
ST.INT.RCPT.CD,Spain,ESP,,,,,,,,,,,,,,,,,,,,,,0.00,Europe
ST.INT.RCPT.CD,Sri Lanka,LKA,388000000.00,347000000.00,594000000.00,709000000.00,808000000.00,729000000.00,733000000.00,750000000.00,803000000.00,754000000.00,1044000000.00,1421000000.00,1756000000.00,2506000000.00,3278000000.00,3978000000.00,4591000000.00,5083000000.00,5608000000.00,4663000000.00,1076000000.00,41619000000.00,Asia
ST.INT.RCPT.CD,St. Kitts and Nevis,KNA,58000000.00,62000000.00,57000000.00,75000000.00,103000000.00,121000000.00,132000000.00,125000000.00,110000000.00,83000000.00,90000000.00,94000000.00,95000000.00,101000000.00,343000000.00,317000000.00,332000000.00,355000000.00,367000000.00,,,3020000000.00,Null
ST.INT.RCPT.CD,St. Lucia,LCA,281000000.00,233000000.00,210000000.00,282000000.00,326000000.00,382000000.00,294000000.00,302000000.00,311000000.00,296000000.00,309000000.00,321000000.00,337000000.00,354000000.00,778000000.00,810000000.00,776000000.00,875000000.00,989000000.00,,,8466000000.00,Null
ST.INT.RCPT.CD,St. Martin (French part),MAF,,,,,,,,,,,,,,,,,,,,,,0.00,Null
ST.INT.RCPT.CD,St. Vincent and the Grenadines,VCT,,,,,,,,,,,,,,,178500000.00,211100006.10,221300003.10,215399993.90,231000000.00,255000000.00,85000000.00,1397300003.00,Null
ST.INT.RCPT.CD,Sudan,SDN,5000000.00,3000000.00,108000000.00,17000000.00,21000000.00,114000000.00,194000000.00,390000000.00,255000000.00,231000000.00,82000000.00,179000000.00,772000000.00,773000000.00,967000000.00,949000000.00,1009000000.00,1029000000.00,1043000000.00,,,8141000000.00,Africa
ST.INT.RCPT.CD,Suriname,SUR,42000000.00,26000000.00,17000000.00,18000000.00,52000000.00,96000000.00,109000000.00,73000000.00,83000000.00,70000000.00,69000000.00,69000000.00,79000000.00,92000000.00,103000000.00,99000000.00,74000000.00,61000000.00,73000000.00,64000000.00,19000000.00,1388000000.00,South America
ST.INT.RCPT.CD,Sweden,SWE,4825000000.00,5200000000.00,5671000000.00,6548000000.00,7686000000.00,7628000000.00,9714000000.00,11889000000.00,11732000000.00,9769000000.00,10674000000.00,,,,,,,,,,,91336000000.00,Europe
ST.INT.RCPT.CD,Switzerland,CHE,9058000000.00,9392000000.00,9198000000.00,10427000000.00,11217000000.00,11914000000.00,12961000000.00,14934000000.00,18016000000.00,17023000000.00,17883000000.00,20809000000.00,19564000000.00,20236000000.00,21358000000.00,20140000000.00,19787000000.00,20399000000.00,21294000000.00,21257000000.00,9994000000.00,337000000000.00,Europe
ST.INT.RCPT.CD,Syria,SYR,,,,877000000.00,1883000000.00,2035000000.00,2113000000.00,2972000000.00,3176000000.00,3781000000.00,6308000000.00,1816000000.00,,,,,,,,,,24961000000.00,Asia
ST.INT.RCPT.CD,Tajikistan,TJK,,,5000000.00,6199999.81,9600000.38,9100000.38,11199999.81,16500000.00,23700000.76,19500000.00,141500000.00,184100006.10,286600006.10,233300003.10,220199996.90,146000000.00,149600006.10,171600006.10,170899993.90,179100006.10,102400001.50,2086100027.00,Asia
ST.INT.RCPT.CD,Tanzania,TZA,381000000.00,626000000.00,639000000.00,654000000.00,762000000.00,835000000.00,986000000.00,1215000000.00,1293000000.00,1192000000.00,1279000000.00,1383000000.00,1754000000.00,1939000000.00,2047000000.00,1924000000.00,2149000000.00,2265000000.00,2465000000.00,2624500000.00,,28412500000.00,Africa
ST.INT.RCPT.CD,Thailand,THA,9935000000.00,9378000000.00,10388000000.00,10456000000.00,13054000000.00,12103000000.00,16624000000.00,20625000000.00,22510000000.00,19811000000.00,23796000000.00,30924000000.00,34565000000.00,41765000000.00,38451000000.00,44851000000.00,48459000000.00,57057000000.00,61383000000.00,64371000000.00,15360000000.00,606000000000.00,Asia
ST.INT.RCPT.CD,Timor-Leste,TLS,,,,,,,20300000.00,26000000.00,14000000.00,16000000.00,24000000.00,18000000.00,21000000.00,29000000.00,35000000.00,51000000.00,58000000.00,73000000.00,78000000.00,,,463300000.00,Null
ST.INT.RCPT.CD,Togo,TGO,11000000.00,14000000.00,16000000.00,26000000.00,25000000.00,27000000.00,23000000.00,38000000.00,44000000.00,73000000.00,105000000.00,209000000.00,206000000.00,233000000.00,233000000.00,212000000.00,223000000.00,245000000.00,269000000.00,264000000.00,,2496000000.00,Africa
ST.INT.RCPT.CD,Tonga,TON,,,,,13100000.38,15000000.00,,15199999.81,18000000.00,18399999.62,17299999.24,32500000.00,40000000.00,47000000.00,38299999.24,46400001.53,52700000.76,48500000.00,48099998.47,57099998.47,47700000.76,555299998.30,Oceania
ST.INT.RCPT.CD,Trinidad and Tobago,TTO,371000000.00,361000000.00,402000000.00,437000000.00,568000000.00,593000000.00,517000000.00,621000000.00,557000000.00,548000000.00,630000000.00,650000000.00,852000000.00,856000000.00,875000000.00,809000000.00,708000000.00,717000000.00,541000000.00,481000000.00,151000000.00,12245000000.00,North America
ST.INT.RCPT.CD,Tunisia,TUN,1977000000.00,2061000000.00,1831000000.00,1935000000.00,2432000000.00,2800000000.00,2999000000.00,3373000000.00,3909000000.00,3524000000.00,3477000000.00,2529000000.00,2931000000.00,2863000000.00,3042000000.00,1869000000.00,1706000000.00,1782000000.00,2320000000.00,2683000000.00,1007000000.00,53050000000.00,Africa
ST.INT.RCPT.CD,Turkey,TUR,,,,,,20760000000.00,19137000000.00,21662000000.00,26446000000.00,26331000000.00,26318000000.00,30302000000.00,31566000000.00,37984000000.00,40028000000.00,35648000000.00,26505000000.00,31993000000.00,36791000000.00,41415000000.00,13771000000.00,467000000000.00,Asia
ST.INT.RCPT.CD,Turkmenistan,TKM,,,,,,,,,,,,,,,,,,,,,,0.00,Asia
ST.INT.RCPT.CD,Turks and Caicos Islands,TCA,285000000.00,311000000.00,292000000.00,,,,,,,,,,,,,,,,,,,888000000.00,Null
ST.INT.RCPT.CD,Tuvalu,TUV,,,,,,1200000.00,1200000.00,1500000.00,1900000.00,1500000.00,2400000.00,2400000.00,2700000.00,2400000.00,,,,,,,,17200000.00,Oceania
ST.INT.RCPT.CD,Uganda,UGA,,187000000.00,194000000.00,185000000.00,268000000.00,382000000.00,347000000.00,402000000.00,536000000.00,683000000.00,802000000.00,977000000.00,1157000000.00,960000000.00,984000000.00,1049000000.00,1118000000.00,954000000.00,1522000000.00,1400000000.00,518000000.00,14625000000.00,Africa
ST.INT.RCPT.CD,Ukraine,UKR,563000000.00,759000000.00,1001000000.00,1204000000.00,2931000000.00,3542000000.00,4018000000.00,5320000000.00,6722000000.00,4349000000.00,4696000000.00,5406000000.00,5988000000.00,5931000000.00,2264000000.00,1662000000.00,1723000000.00,2019000000.00,2269000000.00,2595000000.00,687000000.00,65649000000.00,Europe
ST.INT.RCPT.CD,United Arab Emirates,ARE,1063000000.00,1200000000.00,1332000000.00,1438000000.00,1593000000.00,3218000000.00,4972000000.00,6072000000.00,7162000000.00,7352000000.00,8577000000.00,9204000000.00,10924000000.00,12389000000.00,15221000000.00,25587099609.00,28657400391.00,29705500000.00,34609500000.00,38413300781.00,24615400391.00,273000000000.00,Asia
ST.INT.RCPT.CD,United Kingdom,GBR,,,,,,,,,,,,,,,,,,,,,,0.00,Europe
ST.INT.RCPT.CD,United States of America,USA,118000000000.00,105000000000.00,97415000000.00,94814000000.00,107000000000.00,117000000000.00,121000000000.00,135000000000.00,149000000000.00,137000000000.00,162000000000.00,179000000000.00,195000000000.00,213000000000.00,223000000000.00,231000000000.00,229000000000.00,234000000000.00,242000000000.00,239000000000.00,84205000000.00,3410000000000.00,North America
ST.INT.RCPT.CD,Uruguay,URY,827000000.00,700000000.00,409000000.00,419000000.00,591000000.00,699000000.00,711000000.00,928000000.00,1195000000.00,1460000000.00,1669000000.00,2401000000.00,2666000000.00,2481000000.00,2341000000.00,2349000000.00,2396000000.00,2924000000.00,2708000000.00,2335000000.00,1085000000.00,33294000000.00,South America
ST.INT.RCPT.CD,Uzbekistan,UZB,63000000.00,72000000.00,68000000.00,48000000.00,57000000.00,,,,,,,,,,660000000.00,688000000.00,579000000.00,835000000.00,1314000000.00,1679000000.00,395000000.00,6458000000.00,Asia
ST.INT.RCPT.CD,Vanuatu,VUT,69000000.00,58000000.00,72000000.00,83000000.00,93000000.00,104000000.00,109000000.00,142000000.00,188000000.00,214000000.00,242000000.00,249000000.00,268000000.00,314000000.00,284000000.00,254000000.00,275000000.00,289000000.00,325000000.00,295000000.00,67000000.00,3994000000.00,Oceania
ST.INT.RCPT.CD,Venezuela,VEN,469000000.00,677000000.00,484000000.00,378000000.00,554000000.00,722000000.00,843000000.00,972000000.00,1097000000.00,1053000000.00,885000000.00,806000000.00,904000000.00,926000000.00,900000000.00,654000000.00,546000000.00,,,,,12870000000.00,South America
ST.INT.RCPT.CD,Vietnam,VNM,,,,1400000000.00,1700000000.00,2300000000.00,2850000000.00,3750000000.00,3930000000.00,3050000000.00,4450000000.00,5710000000.00,6850000000.00,7250000000.00,7410000000.00,7350000000.00,8500000000.00,8890000000.00,10080000000.00,11830000000.00,3232000000.00,101000000000.00,Asia
ST.INT.RCPT.CD,Virgin Islands (U.S.),VIR,1206000000.00,1234000000.00,1195000000.00,1257000000.00,1356000000.00,1432000000.00,1468000000.00,1513000000.00,1157000000.00,1021000000.00,1223000000.00,1122000000.00,1210000000.00,1168000000.00,1319000000.00,1324000000.00,1343000000.00,1202000000.00,993000000.00,1031000000.00,686000000.00,25460000000.00,Null
ST.INT.RCPT.CD,West Bank and Gaza,PSE,94000000.00,14000000.00,14000000.00,66000000.00,84000000.00,52000000.00,25000000.00,99000000.00,146000000.00,193000000.00,409000000.00,615000000.00,469000000.00,524000000.00,412000000.00,312000000.00,235000000.00,225000000.00,245000000.00,,,4233000000.00,Null
ST.INT.RCPT.CD,Yemen,YEM,,,,,,,,,,,1291000000.00,910000000.00,1005000000.00,1097000000.00,1199000000.00,116000000.00,116000000.00,,,,,5734000000.00,Asia
ST.INT.RCPT.CD,Zambia,ZMB,,,,,,,,,,,,,,,,,,,,,,0.00,Africa
ST.INT.RCPT.CD,Zimbabwe,ZWE,125000000.00,81000000.00,76000000.00,61000000.00,194000000.00,99000000.00,338000000.00,365000000.00,294000000.00,129000000.00,135000000.00,164000000.00,174000000.00,183000000.00,186000000.00,191000000.00,194000000.00,158000000.00,191000000.00,285000000.00,66000000.00,3689000000.00,Africa
ST.INT.RCPT.CD,Africa Eastern and Southern,AFE,7035528873.00,7489514346.00,8266443184.00,12204601548.00,14437267235.00,16105273905.00,18031562938.00,20973170451.00,20408316343.00,19179935926.00,22022165207.00,24202048004.00,26393212256.00,26053231119.00,27220802346.00,25119401605.00,24305252594.00,26552526185.00,28672643620.00,27810935914.00,,402000000000.00,Null
ST.INT.RCPT.CD,Africa Western and Central,AFW,1475215373.00,1629462885.00,1840559322.00,2094376181.00,2158285284.00,2740615084.00,3074292754.00,4003336033.00,4900188000.00,4254369558.00,4034222723.00,4564552103.00,4741440190.00,5072423448.00,5059666955.00,4341562037.00,5481752264.00,7387315888.00,7230774394.00,,,76084410479.00,Null
ST.INT.RCPT.CD,Arab World,ARB,,,,29586477672.00,34671162031.00,40184504882.00,46282122295.00,55384830967.00,61950764464.00,62406375267.00,72002050459.00,63688193204.00,70933565986.00,69505430690.00,78173558300.00,89547572197.00,93401986638.00,108000000000.00,120000000000.00,132000000000.00,,1230000000000.00,Null
ST.INT.RCPT.CD,Caribbean small states,CSS,5535249012.00,5171516486.00,5239919916.00,5675313179.00,6188372843.00,6646851692.00,7036558713.00,7490671097.00,7471022003.00,6939404862.00,7203576008.00,7158819740.00,7704723513.00,7795442215.00,9468167770.00,9836484355.00,10590877575.00,,,,,123000000000.00,Null
ST.INT.RCPT.CD,Central Europe and the Baltics,CEB,20466141201.00,20609434979.00,21170767634.00,26063762063.00,30634010118.00,35382849950.00,39782540497.00,49293530837.00,58870011385.00,49075172441.00,46639890593.00,52759785029.00,49388847915.00,52427847627.00,54406256971.00,47288934512.00,51301453985.00,58829311856.00,64718122568.00,65843484714.00,,895000000000.00,Null
ST.INT.RCPT.CD,Early-demographic dividend,EAR,,,69122529493.00,77499102883.00,94029912835.00,106000000000.00,113000000000.00,132000000000.00,145000000000.00,137000000000.00,153000000000.00,159000000000.00,169000000000.00,179000000000.00,195000000000.00,194000000000.00,188000000000.00,220000000000.00,244000000000.00,267000000000.00,,2840000000000.00,Null
ST.INT.RCPT.CD,East Asia & Pacific,EAS,,,,,,,,,,,,,,,,,,,,,,0.00,Null
ST.INT.RCPT.CD,East Asia & Pacific (excluding high income),EAP,,,,,,,,,,,,,,,,,,,,,,0.00,Null
ST.INT.RCPT.CD,East Asia & Pacific (IDA & IBRD countries),TEA,,,,,,,,,,,,,,,,,,,,,,0.00,Null
ST.INT.RCPT.CD,Euro area,EMU,156000000000.00,153000000000.00,163000000000.00,189000000000.00,219000000000.00,228000000000.00,248000000000.00,281000000000.00,306000000000.00,268000000000.00,263000000000.00,301000000000.00,290000000000.00,311000000000.00,326000000000.00,293000000000.00,297000000000.00,327000000000.00,356000000000.00,355000000000.00,,5330000000000.00,Null
ST.INT.RCPT.CD,Europe & Central Asia,ECS,228000000000.00,226000000000.00,241000000000.00,279000000000.00,326000000000.00,344000000000.00,374000000000.00,434000000000.00,488000000000.00,427000000000.00,425000000000.00,491000000000.00,482000000000.00,522000000000.00,540000000000.00,478000000000.00,477000000000.00,532000000000.00,585000000000.00,590000000000.00,,8490000000000.00,Null
ST.INT.RCPT.CD,Europe & Central Asia (excluding high income),ECA,,,,,,41773152256.00,44332014043.00,54622195653.00,67079385619.00,59010242913.00,60031123028.00,71837770176.00,76682096687.00,87652930166.00,85866543244.00,72231918239.00,64794278567.00,77226677470.00,89044934208.00,93373739043.00,,1050000000000.00,Null
ST.INT.RCPT.CD,Europe & Central Asia (IDA & IBRD countries),TEC,,,,,,56602197911.00,60846508473.00,76077119597.00,91696030176.00,78249661827.00,78234405211.00,92930188769.00,97291038400.00,110000000000.00,109000000000.00,91594085452.00,85964198034.00,102000000000.00,116000000000.00,121000000000.00,,1370000000000.00,Null
ST.INT.RCPT.CD,European Union,EUU,181000000000.00,179000000000.00,191000000000.00,222000000000.00,257000000000.00,270000000000.00,296000000000.00,340000000000.00,373000000000.00,323000000000.00,317000000000.00,362000000000.00,347000000000.00,372000000000.00,390000000000.00,348000000000.00,357000000000.00,396000000000.00,432000000000.00,432000000000.00,,6390000000000.00,Null
ST.INT.RCPT.CD,Fragile and conflict affected situations,FCS,,,,11051089610.00,11856331737.00,12585682325.00,13057958907.00,15936190762.00,18496049260.00,20688220005.00,25201190204.00,20895406713.00,23906290396.00,25101207073.00,26351211708.00,26018006590.00,27557594254.00,,,,,279000000000.00,Null
ST.INT.RCPT.CD,Heavily indebted poor countries (HIPC),HPC,3042986472.00,3628225810.00,3914190726.00,4600175431.00,5299920425.00,6440065966.00,7253625945.00,8891560409.00,9980561785.00,9528506502.00,9910939981.00,12202929229.00,14148822902.00,14889545710.00,15621715576.00,15163804029.00,15777030393.00,16462865234.00,19734803845.00,20858320355.00,,217000000000.00,Null
ST.INT.RCPT.CD,High income,HIC,406000000000.00,388000000000.00,395000000000.00,433000000000.00,505000000000.00,541000000000.00,577000000000.00,658000000000.00,729000000000.00,665000000000.00,737000000000.00,837000000000.00,872000000000.00,938000000000.00,996000000000.00,970000000000.00,990000000000.00,1060000000000.00,1150000000000.00,1150000000000.00,,15000000000000.00,Null
ST.INT.RCPT.CD,IBRD only,IBD,,,,,,,,,,,,,,,,,,,,,,0.00,Null
ST.INT.RCPT.CD,IDA & IBRD total,IBT,,,,,,,,,,,,,,,,,,,,,,0.00,Null
ST.INT.RCPT.CD,IDA blend,IDB,2589690684.00,2593222482.00,2710213282.00,3058316095.00,3657992399.00,4157338109.00,4861287988.00,5634681609.00,6427304730.00,5461868136.00,6089848884.00,6984160013.00,7010987772.00,6996903200.00,7995200001.00,8152185184.00,7911800005.00,10151705392.00,10652993523.00,10859684429.00,,124000000000.00,Null
ST.INT.RCPT.CD,IDA only,IDX,5061015410.00,5687285330.00,6183840350.00,6606471436.00,9144227005.00,10662801170.00,12047332882.00,15404681725.00,17617617792.00,17731747301.00,21911524413.00,19403983285.00,22364664025.00,24552900672.00,26791985092.00,25906385654.00,26758326392.00,28053764793.00,32347248555.00,35608230396.00,,370000000000.00,Null
ST.INT.RCPT.CD,IDA total,IDA,7615135304.00,8148869233.00,8725277586.00,9519435234.00,12556181745.00,14528261483.00,16586761945.00,20597775122.00,23538967571.00,22630711946.00,27268022051.00,25740362370.00,28635139135.00,30741012593.00,33902884985.00,33715679043.00,33806058988.00,37443652753.00,42040713818.00,45396369607.00,,483000000000.00,Null
ST.INT.RCPT.CD,Late-demographic dividend,LTE,,,,,,,,,,,,,,,,,,,,,,0.00,Null
ST.INT.RCPT.CD,Latin America & Caribbean,LCN,38615438788.00,38234590490.00,36976005879.00,40457788122.00,46050442084.00,51567172210.00,55975354667.00,61795379924.00,66138108402.00,60683397614.00,63893459858.00,68745665396.00,74098949813.00,78411113783.00,85047338481.00,88225390374.00,93835317531.00,98412826250.00,102000000000.00,105000000000.00,,1350000000000.00,Null
ST.INT.RCPT.CD,Latin America & Caribbean (excluding high income),LAC,26836449655.00,26055343130.00,25516146462.00,28533704752.00,32413790702.00,36994042539.00,40495552696.00,44838428813.00,48596472019.00,44191553378.00,46739962747.00,50467276356.00,54141976261.00,58224976109.00,64132465411.00,66701100396.00,71234508365.00,75265640564.00,79006050570.00,81459149602.00,,1000000000000.00,Null
ST.INT.RCPT.CD,Latin America & the Caribbean (IDA & IBRD countries),TLA,28136680703.00,27530214581.00,26649066562.00,29524858029.00,34101255368.00,38623453342.00,42654605076.00,47856660147.00,52108354074.00,48009206773.00,50557168256.00,55251720176.00,59874589652.00,63862361844.00,70022743701.00,72190861861.00,76695528986.00,81435539842.00,85166901576.00,86710962274.00,,1080000000000.00,Null
ST.INT.RCPT.CD,Least developed countries: UN classification,LDC,3227514900.00,3743451774.00,4102993819.00,4297498414.00,5384394660.00,6208352642.00,7204095806.00,9233534531.00,10906897664.00,11039707645.00,12341231334.00,14414479463.00,16578249163.00,18979582441.00,21096261688.00,20150891371.00,20172369303.00,21500887186.00,24732461287.00,26746319783.00,,262000000000.00,Null
ST.INT.RCPT.CD,Low & middle income,LMY,,,,,,,,,,,,,,,,,,,,,,0.00,Null
ST.INT.RCPT.CD,Low income,LIC,1507706348.00,1831093302.00,2170076022.00,2411935209.00,3940666351.00,4512646526.00,5026774560.00,6601093474.00,7548902416.00,8057968288.00,11355525611.00,7688657793.00,8932397340.00,9370763422.00,9850364367.00,8488774697.00,8614503882.00,8999448388.00,11679698813.00,11751847677.00,,140000000000.00,Null
ST.INT.RCPT.CD,Lower middle income,LMC,30086088094.00,30809723434.00,32732113019.00,34606779435.00,44750420462.00,50817568942.00,58968666113.00,73513409943.00,81334936759.00,71034688092.00,81041906828.00,84015611030.00,92259215009.00,93880688709.00,99605093629.00,98307158972.00,98018347429.00,118000000000.00,133000000000.00,145000000000.00,,1550000000000.00,Null
ST.INT.RCPT.CD,Middle East & North Africa,MEA,,,,33689198280.00,39185640790.00,44964846791.00,51240603054.00,61230252060.00,69065343912.00,69352612762.00,80180356239.00,71917597407.00,78853040450.00,78684512628.00,88079100651.00,100000000000.00,104000000000.00,119000000000.00,132000000000.00,145000000000.00,,1370000000000.00,Null
ST.INT.RCPT.CD,Middle East & North Africa (excluding high income),MNA,17739281846.00,18742083026.00,20309885241.00,22110120832.00,25745093556.00,28054803714.00,31237590616.00,37662480601.00,42737309556.00,43345094469.00,50766825857.00,40091887156.00,42877446813.00,38977156885.00,42760551002.00,39031279223.00,35484947279.00,43470158784.00,49964342954.00,55317558282.00,,726000000000.00,Null
ST.INT.RCPT.CD,Middle East & North Africa (IDA & IBRD countries),TMN,17623088943.00,18751670311.00,20322226453.00,22038954488.00,25654681705.00,27998007295.00,31208226350.00,37556175311.00,42582021033.00,43141340720.00,50339801577.00,39460727242.00,42401636570.00,38441546950.00,42344851256.00,38719457235.00,35252808778.00,43252384810.00,49728453994.00,55056396011.00,,722000000000.00,Null
ST.INT.RCPT.CD,Middle income,MIC,,,,,,,,,,,,,,,,,,,,,,0.00,Null
ST.INT.RCPT.CD,North America,NAC,151000000000.00,136000000000.00,126000000000.00,123000000000.00,140000000000.00,152000000000.00,158000000000.00,175000000000.00,192000000000.00,175000000000.00,207000000000.00,228000000000.00,249000000000.00,272000000000.00,284000000000.00,294000000000.00,291000000000.00,298000000000.00,309000000000.00,306000000000.00,,4270000000000.00,Null
ST.INT.RCPT.CD,Not classified,INX,,,,,,,,,,,,,,,,,,,,,,0.00,Null
ST.INT.RCPT.CD,OECD members,OED,395000000000.00,374000000000.00,378000000000.00,416000000000.00,483000000000.00,515000000000.00,542000000000.00,614000000000.00,681000000000.00,615000000000.00,660000000000.00,736000000000.00,755000000000.00,811000000000.00,860000000000.00,837000000000.00,847000000000.00,908000000000.00,984000000000.00,997000000000.00,,13400000000000.00,Null
ST.INT.RCPT.CD,Other small states,OSS,,,,,,,,,,,,,,,,,,,,,,0.00,Null
ST.INT.RCPT.CD,Pacific island small states,PSS,460898875.30,481279973.60,573066767.70,722400520.70,851214395.80,1017098087.00,1022198447.00,1121568629.00,1421896983.00,1187653834.00,1378233235.00,1581634366.00,1671951539.00,1705351733.00,1820070721.00,1806695409.00,1932423304.00,2029445732.00,2248465668.00,2233673134.00,,27267221353.00,Null
ST.INT.RCPT.CD,Post-demographic dividend,PST,379000000000.00,361000000000.00,369000000000.00,408000000000.00,476000000000.00,507000000000.00,539000000000.00,612000000000.00,680000000000.00,617000000000.00,685000000000.00,778000000000.00,806000000000.00,868000000000.00,910000000000.00,863000000000.00,880000000000.00,934000000000.00,1010000000000.00,1000000000000.00,,13700000000000.00,Null
ST.INT.RCPT.CD,Pre-demographic dividend,PRE,2546886545.00,3181177308.00,3432496670.00,3706870422.00,4323237265.00,5155748516.00,5881459570.00,8204741983.00,9507414750.00,9675886298.00,10715433058.00,11702260644.00,13233225046.00,14150528914.00,15267753206.00,14884321870.00,16057706734.00,18096161336.00,17270492334.00,19266611570.00,,206000000000.00,Null
ST.INT.RCPT.CD,Small states,SST,,,,,,,,,,,,27461355189.00,31534003912.00,34143591415.00,39264024276.00,41277918133.00,44254737521.00,50207227370.00,51565534602.00,52579729788.00,,372000000000.00,Null
ST.INT.RCPT.CD,South Asia,SAS,,,,,,,,,,,,,23886000000.00,25794000000.00,28701000000.00,29921300003.00,32045300003.00,37826000000.00,39918000000.00,41884000000.00,,260000000000.00,Null
ST.INT.RCPT.CD,South Asia (IDA & IBRD),TSA,,,,,,,,,,,,,,,,,,,,,,0.00,Null
ST.INT.RCPT.CD,Sub-Saharan Africa,SSF,8236189717.00,8823939169.00,9778100649.00,13873282500.00,16114153054.00,18290611481.00,20483792703.00,24226010745.00,24528071972.00,22718361775.00,25446513189.00,28090888000.00,30407598947.00,30395296705.00,31525801556.00,28744759940.00,29035443371.00,33098286016.00,35520914707.00,34919262973.00,,474000000000.00,Null
ST.INT.RCPT.CD,Sub-Saharan Africa (excluding high income),SSA,7995682016.00,8588341996.00,9514753152.00,13599193302.00,15842597635.00,18005450110.00,20141265480.00,23805997303.00,24095314985.00,22348248632.00,25073606727.00,27688408246.00,29953028926.00,29881879340.00,31015771032.00,28232287981.00,28500418419.00,32478410641.00,34873646198.00,34263192235.00,,466000000000.00,Null
ST.INT.RCPT.CD,Sub-Saharan Africa (IDA & IBRD countries),TSS,8236189717.00,8823939169.00,9778100649.00,13873282500.00,16114153054.00,18290611481.00,20483792703.00,24226010745.00,24528071972.00,22718361775.00,25446513189.00,28090888000.00,30407598947.00,30395296705.00,31525801556.00,28744759940.00,29035443371.00,33098286016.00,35520914707.00,34919262973.00,,474000000000.00,Null
ST.INT.RCPT.CD,Upper middle income,UMC,,,,,,,,,,,,,,,,,,,,,,0.00,Null
ST.INT.RCPT.CD,World,WLD,596000000000.00,579000000000.00,596000000000.00,646000000000.00,768000000000.00,829000000000.00,897000000000.00,1040000000000.00,1150000000000.00,1050000000000.00,1170000000000.00,1310000000000.00,1380000000000.00,1480000000000.00,1560000000000.00,1520000000000.00,1540000000000.00,1680000000000.00,1830000000000.00,1860000000000.00,,23500000000000.00,Null